ticker,name,isin,exchange,sector,industry,market_data_ticker,country,universe
20MICRONS,20 Microns Limited,INE144J01027,NSE,Unclassified,Unclassified,20MICRONS.NS,IN,NSE_MAINBOARD
21STCENMGM,21st Century Management Services Limited,INE253B01015,NSE,Unclassified,Unclassified,21STCENMGM.NS,IN,NSE_MAINBOARD
360ONE,360 ONE WAM LIMITED,INE466L01038,NSE,Financial Services,Financial Services,360ONE.NS,IN,NSE_MAINBOARD
3BBLACKBIO,3B Blackbio Dx Limited,INE994E01018,NSE,Unclassified,Unclassified,3BBLACKBIO.NS,IN,NSE_MAINBOARD
3IINFOLTD,3i Infotech Limited,INE748C01038,NSE,Unclassified,Unclassified,3IINFOLTD.NS,IN,NSE_MAINBOARD
3MINDIA,3M India Limited,INE470A01017,NSE,Unclassified,Unclassified,3MINDIA.NS,IN,NSE_MAINBOARD
3PLAND,3P Land Holdings Limited,INE105C01023,NSE,Unclassified,Unclassified,3PLAND.NS,IN,NSE_MAINBOARD
5PAISA,5Paisa Capital Limited,INE618L01018,NSE,Unclassified,Unclassified,5PAISA.NS,IN,NSE_MAINBOARD
63MOONS,63 moons technologies limited,INE111B01023,NSE,Unclassified,Unclassified,63MOONS.NS,IN,NSE_MAINBOARD
A2ZINFRA,A2Z Infra Engineering Limited,INE619I01012,NSE,Unclassified,Unclassified,A2ZINFRA.NS,IN,NSE_MAINBOARD
AAATECH,AAA Technologies Limited,INE0D0U01013,NSE,Unclassified,Unclassified,AAATECH.NS,IN,NSE_MAINBOARD
AADHARHFC,Aadhar Housing Finance Limited,INE883F01010,NSE,Unclassified,Unclassified,AADHARHFC.NS,IN,NSE_MAINBOARD
AAKASH,Aakash Exploration Services Limited,INE087Z01024,NSE,Unclassified,Unclassified,AAKASH.NS,IN,NSE_MAINBOARD
AAREYDRUGS,Aarey Drugs & Pharmaceuticals Limited,INE198H01019,NSE,Unclassified,Unclassified,AAREYDRUGS.NS,IN,NSE_MAINBOARD
AARNAV,Aarnav Fashions Limited,INE750R01016,NSE,Unclassified,Unclassified,AARNAV.NS,IN,NSE_MAINBOARD
AARON,Aaron Industries Limited,INE721Z01010,NSE,Unclassified,Unclassified,AARON.NS,IN,NSE_MAINBOARD
AARTECH,Aartech Solonics Limited,INE01C001026,NSE,Unclassified,Unclassified,AARTECH.NS,IN,NSE_MAINBOARD
AARTIDRUGS,Aarti Drugs Limited,INE767A01016,NSE,Unclassified,Unclassified,AARTIDRUGS.NS,IN,NSE_MAINBOARD
AARTIIND,Aarti Industries Limited,INE769A01020,NSE,Unclassified,Unclassified,AARTIIND.NS,IN,NSE_MAINBOARD
AARTIPHARM,Aarti Pharmalabs Limited,INE0LRU01027,NSE,Unclassified,Unclassified,AARTIPHARM.NS,IN,NSE_MAINBOARD
AARTISURF,Aarti Surfactants Limited,INE09EO01013,NSE,Unclassified,Unclassified,AARTISURF.NS,IN,NSE_MAINBOARD
AARVI,Aarvi Encon Limited,INE754X01016,NSE,Unclassified,Unclassified,AARVI.NS,IN,NSE_MAINBOARD
AASTHA,Aastha Spintex Limited,INE2FMX01012,NSE,Unclassified,Unclassified,AASTHA.NS,IN,NSE_MAINBOARD
AAVAS,Aavas Financiers Limited,INE216P01012,NSE,Unclassified,Unclassified,AAVAS.NS,IN,NSE_MAINBOARD
ABAN,Aban Offshore Limited,INE421A01028,NSE,Unclassified,Unclassified,ABAN.NS,IN,NSE_MAINBOARD
ABANSENT,Abans Enterprises Limited,INE365O01028,NSE,Unclassified,Unclassified,ABANSENT.NS,IN,NSE_MAINBOARD
ABB,ABB India Limited,INE117A01022,NSE,Capital Goods,Capital Goods,ABB.NS,IN,NSE_MAINBOARD
ABBOTINDIA,Abbott India Limited,INE358A01014,NSE,Unclassified,Unclassified,ABBOTINDIA.NS,IN,NSE_MAINBOARD
ABCAPITAL,Aditya Birla Capital Limited,INE674K01013,NSE,Financial Services,Financial Services,ABCAPITAL.NS,IN,NSE_MAINBOARD
ABCOTS,A B Cotspin India Limited,INE08PH01015,NSE,Unclassified,Unclassified,ABCOTS.NS,IN,NSE_MAINBOARD
ABDL,Allied Blenders and Distillers Limited,INE552Z01027,NSE,Unclassified,Unclassified,ABDL.NS,IN,NSE_MAINBOARD
ABFRL,Aditya Birla Fashion and Retail Limited,INE647O01011,NSE,Unclassified,Unclassified,ABFRL.NS,IN,NSE_MAINBOARD
ABINFRA,A B Infrabuild Limited,INE00YB01025,NSE,Unclassified,Unclassified,ABINFRA.NS,IN,NSE_MAINBOARD
ABLBL,Aditya Birla Lifestyle Brands Limited,INE14LE01019,NSE,Unclassified,Unclassified,ABLBL.NS,IN,NSE_MAINBOARD
ABMINTLLTD,ABM International Limited,INE251C01025,NSE,Unclassified,Unclassified,ABMINTLLTD.NS,IN,NSE_MAINBOARD
ABMKNO,ABM Knowledgeware Limited,INE850B01026,NSE,Unclassified,Unclassified,ABMKNO.NS,IN,NSE_MAINBOARD
ABREL,Aditya Birla Real Estate Limited,INE055A01016,NSE,Unclassified,Unclassified,ABREL.NS,IN,NSE_MAINBOARD
ABSLAMC,Aditya Birla Sun Life AMC Limited,INE404A01024,NSE,Unclassified,Unclassified,ABSLAMC.NS,IN,NSE_MAINBOARD
ACC,ACC Limited,INE012A01025,NSE,Unclassified,Unclassified,ACC.NS,IN,NSE_MAINBOARD
ACCELYA,Accelya Solutions India Limited,INE793A01012,NSE,Unclassified,Unclassified,ACCELYA.NS,IN,NSE_MAINBOARD
ACCURACY,Accuracy Shipping Limited,INE648Z01023,NSE,Unclassified,Unclassified,ACCURACY.NS,IN,NSE_MAINBOARD
ACE,Action Construction Equipment Limited,INE731H01025,NSE,Unclassified,Unclassified,ACE.NS,IN,NSE_MAINBOARD
ACEINTEG,Ace Integrated Solutions Limited,INE543V01017,NSE,Unclassified,Unclassified,ACEINTEG.NS,IN,NSE_MAINBOARD
ACI,Archean Chemical Industries Limited,INE128X01021,NSE,Unclassified,Unclassified,ACI.NS,IN,NSE_MAINBOARD
ACL,Andhra Cements Limited,INE666E01020,NSE,Unclassified,Unclassified,ACL.NS,IN,NSE_MAINBOARD
ACMESOLAR,Acme Solar Holdings Limited,INE622W01025,NSE,Unclassified,Unclassified,ACMESOLAR.NS,IN,NSE_MAINBOARD
ACSTECH,ACS Technologies Limited,INE366C01021,NSE,Unclassified,Unclassified,ACSTECH.NS,IN,NSE_MAINBOARD
ACUTAAS,Acutaas Chemicals Limited,INE00FF01025,NSE,Unclassified,Unclassified,ACUTAAS.NS,IN,NSE_MAINBOARD
ADANIENSOL,Adani Energy Solutions Limited,INE931S01010,NSE,Power,Power,ADANIENSOL.NS,IN,NSE_MAINBOARD
ADANIENT,Adani Enterprises Limited,INE423A01024,NSE,Metals & Mining,Metals & Mining,ADANIENT.NS,IN,NSE_MAINBOARD
ADANIGREEN,Adani Green Energy Limited,INE364U01010,NSE,Power,Power,ADANIGREEN.NS,IN,NSE_MAINBOARD
ADANIPORTS,Adani Ports and Special Economic Zone Limited,INE742F01042,NSE,Services,Services,ADANIPORTS.NS,IN,NSE_MAINBOARD
ADANIPOWER,Adani Power Limited,INE814H01029,NSE,Power,Power,ADANIPOWER.NS,IN,NSE_MAINBOARD
ADFFOODS,ADF Foods Limited,INE982B01027,NSE,Unclassified,Unclassified,ADFFOODS.NS,IN,NSE_MAINBOARD
ADL,Archidply Decor Limited,INE0CHO01012,NSE,Unclassified,Unclassified,ADL.NS,IN,NSE_MAINBOARD
ADOR,Ador Welding Limited,INE045A01017,NSE,Unclassified,Unclassified,ADOR.NS,IN,NSE_MAINBOARD
ADROITINFO,Adroit Infotech Limited,INE737B01033,NSE,Unclassified,Unclassified,ADROITINFO.NS,IN,NSE_MAINBOARD
ADSL,Allied Digital Services Limited,INE102I01027,NSE,Unclassified,Unclassified,ADSL.NS,IN,NSE_MAINBOARD
ADVAIT,Advait Energy Transitions Limited,INE0ALI01010,NSE,Unclassified,Unclassified,ADVAIT.NS,IN,NSE_MAINBOARD
ADVANCE,Advance Agrolife Limited,INE1B0W01010,NSE,Unclassified,Unclassified,ADVANCE.NS,IN,NSE_MAINBOARD
ADVANIHOTR,Advani Hotels & Resorts (India) Limited,INE199C01026,NSE,Unclassified,Unclassified,ADVANIHOTR.NS,IN,NSE_MAINBOARD
ADVENTHTL,Advent Hotels International Limited,INE28GN01010,NSE,Unclassified,Unclassified,ADVENTHTL.NS,IN,NSE_MAINBOARD
ADVENZYMES,Advanced Enzyme Technologies Limited,INE837H01020,NSE,Unclassified,Unclassified,ADVENZYMES.NS,IN,NSE_MAINBOARD
AEGISLOG,Aegis Logistics Limited,INE208C01025,NSE,Unclassified,Unclassified,AEGISLOG.NS,IN,NSE_MAINBOARD
AEGISVOPAK,Aegis Vopak Terminals Limited,INE0INX01018,NSE,Unclassified,Unclassified,AEGISVOPAK.NS,IN,NSE_MAINBOARD
AEPL,Artemis Electricals and Projects Limited,INE757T01025,NSE,Unclassified,Unclassified,AEPL.NS,IN,NSE_MAINBOARD
AEQUS,Aequs Limited,INE947N01017,NSE,Unclassified,Unclassified,AEQUS.NS,IN,NSE_MAINBOARD
AEROENTER,Aeroflex Enterprises Limited,INE065D01027,NSE,Unclassified,Unclassified,AEROENTER.NS,IN,NSE_MAINBOARD
AEROFLEX,Aeroflex Industries Limited,INE024001021,NSE,Unclassified,Unclassified,AEROFLEX.NS,IN,NSE_MAINBOARD
AERONEU,Aeroflex Neu Limited,INE035801013,NSE,Unclassified,Unclassified,AERONEU.NS,IN,NSE_MAINBOARD
AEROPLANE,Amir Chand Jagdish Kumar (Exports) Limited,INE05TO01019,NSE,Unclassified,Unclassified,AEROPLANE.NS,IN,NSE_MAINBOARD
AETHER,Aether Industries Limited,INE0BWX01014,NSE,Unclassified,Unclassified,AETHER.NS,IN,NSE_MAINBOARD
AFCONS,Afcons Infrastructure Limited,INE101I01011,NSE,Unclassified,Unclassified,AFCONS.NS,IN,NSE_MAINBOARD
AFFLE,Affle 3i Limited,INE00WC01027,NSE,Unclassified,Unclassified,AFFLE.NS,IN,NSE_MAINBOARD
AFFORDABLE,Affordable Robotic & Automation Limited,INE692Z01013,NSE,Unclassified,Unclassified,AFFORDABLE.NS,IN,NSE_MAINBOARD
AFIL,Akme Fintrade (India) Limited,INE916Y01027,NSE,Unclassified,Unclassified,AFIL.NS,IN,NSE_MAINBOARD
AFSL,Abans Financial Services Limited,INE00ZE01026,NSE,Unclassified,Unclassified,AFSL.NS,IN,NSE_MAINBOARD
AGARIND,Agarwal Industrial Corporation Limited,INE204E01012,NSE,Unclassified,Unclassified,AGARIND.NS,IN,NSE_MAINBOARD
AGARWALEYE,Dr. Agarwal's Health Care Limited,INE943P01029,NSE,Unclassified,Unclassified,AGARWALEYE.NS,IN,NSE_MAINBOARD
AGI,AGI Greenpac Limited,INE415A01038,NSE,Unclassified,Unclassified,AGI.NS,IN,NSE_MAINBOARD
AGIIL,Agi Infra Limited,INE976R01033,NSE,Unclassified,Unclassified,AGIIL.NS,IN,NSE_MAINBOARD
AGL,Allcargo Global Limited,INE1YPB01014,NSE,Unclassified,Unclassified,AGL.NS,IN,NSE_MAINBOARD
AGRITECH,Agri-Tech (India) Limited,INE449G01018,NSE,Unclassified,Unclassified,AGRITECH.NS,IN,NSE_MAINBOARD
AGROPHOS,Agro Phos India Limited,INE740V01019,NSE,Unclassified,Unclassified,AGROPHOS.NS,IN,NSE_MAINBOARD
AHCL,Anlon Healthcare Limited,INE0Y8W01025,NSE,Unclassified,Unclassified,AHCL.NS,IN,NSE_MAINBOARD
AHLADA,Ahlada Engineers Limited,INE00PV01013,NSE,Unclassified,Unclassified,AHLADA.NS,IN,NSE_MAINBOARD
AHLEAST,Asian Hotels (East) Limited,INE926K01017,NSE,Unclassified,Unclassified,AHLEAST.NS,IN,NSE_MAINBOARD
AHLUCONT,Ahluwalia Contracts (India) Limited,INE758C01029,NSE,Unclassified,Unclassified,AHLUCONT.NS,IN,NSE_MAINBOARD
AHLWEST,Asian Hotels (West) Limited,INE915K01010,NSE,Unclassified,Unclassified,AHLWEST.NS,IN,NSE_MAINBOARD
AIAENG,AIA Engineering Limited,INE212H01026,NSE,Unclassified,Unclassified,AIAENG.NS,IN,NSE_MAINBOARD
AIIL,Authum Investment & Infrastructure Limited,INE206F01022,NSE,Unclassified,Unclassified,AIIL.NS,IN,NSE_MAINBOARD
AIRAN,Airan Limited,INE645W01026,NSE,Unclassified,Unclassified,AIRAN.NS,IN,NSE_MAINBOARD
AIROLAM,Airo Lam limited,INE801L01010,NSE,Unclassified,Unclassified,AIROLAM.NS,IN,NSE_MAINBOARD
AJANTPHARM,Ajanta Pharma Limited,INE031B01049,NSE,Unclassified,Unclassified,AJANTPHARM.NS,IN,NSE_MAINBOARD
AJAXENGG,Ajax Engineering Limited,INE274Y01021,NSE,Unclassified,Unclassified,AJAXENGG.NS,IN,NSE_MAINBOARD
AJMERA,Ajmera Realty & Infra India Limited,INE298G01035,NSE,Unclassified,Unclassified,AJMERA.NS,IN,NSE_MAINBOARD
AJOONI,Ajooni Biotech Limited,INE820Y01021,NSE,Unclassified,Unclassified,AJOONI.NS,IN,NSE_MAINBOARD
AKASH,Akash Infra-Projects Limited,INE737W01013,NSE,Unclassified,Unclassified,AKASH.NS,IN,NSE_MAINBOARD
AKCAPIT,AK Capital Services Limited,INE701G01012,NSE,Unclassified,Unclassified,AKCAPIT.NS,IN,NSE_MAINBOARD
AKG,Akg Exim Limited,INE00Y801016,NSE,Unclassified,Unclassified,AKG.NS,IN,NSE_MAINBOARD
AKI,AKI India Limited,INE642Z01026,NSE,Unclassified,Unclassified,AKI.NS,IN,NSE_MAINBOARD
AKSHAR,Akshar Spintex Limited,INE256Z01025,NSE,Unclassified,Unclassified,AKSHAR.NS,IN,NSE_MAINBOARD
AKSHARCHEM,AksharChem India Limited,INE542B01011,NSE,Unclassified,Unclassified,AKSHARCHEM.NS,IN,NSE_MAINBOARD
AKSHOPTFBR,Aksh Optifibre Limited,INE523B01011,NSE,Unclassified,Unclassified,AKSHOPTFBR.NS,IN,NSE_MAINBOARD
AKUMS,Akums Drugs and Pharmaceuticals Limited,INE09XN01023,NSE,Unclassified,Unclassified,AKUMS.NS,IN,NSE_MAINBOARD
ALANKIT,Alankit Limited,INE914E01040,NSE,Unclassified,Unclassified,ALANKIT.NS,IN,NSE_MAINBOARD
ALBERTDAVD,Albert David Limited,INE155C01010,NSE,Unclassified,Unclassified,ALBERTDAVD.NS,IN,NSE_MAINBOARD
ALEMBICLTD,Alembic Limited,INE426A01027,NSE,Unclassified,Unclassified,ALEMBICLTD.NS,IN,NSE_MAINBOARD
ALGOQUANT,Algoquant Fintech Limited,INE598D01035,NSE,Unclassified,Unclassified,ALGOQUANT.NS,IN,NSE_MAINBOARD
ALICON,Alicon Castalloy Limited,INE062D01024,NSE,Unclassified,Unclassified,ALICON.NS,IN,NSE_MAINBOARD
ALIVUS,Alivus Life Sciences Limited,INE03Q201024,NSE,Unclassified,Unclassified,ALIVUS.NS,IN,NSE_MAINBOARD
ALKALI,Alkali Metals Limited,INE773I01017,NSE,Unclassified,Unclassified,ALKALI.NS,IN,NSE_MAINBOARD
ALKEM,Alkem Laboratories Limited,INE540L01014,NSE,Healthcare,Healthcare,ALKEM.NS,IN,NSE_MAINBOARD
ALKYLAMINE,Alkyl Amines Chemicals Limited,INE150B01039,NSE,Unclassified,Unclassified,ALKYLAMINE.NS,IN,NSE_MAINBOARD
ALLCARGO,Allcargo Logistics Limited,INE418H01029,NSE,Unclassified,Unclassified,ALLCARGO.NS,IN,NSE_MAINBOARD
ALLDIGI,Alldigi Tech Limited,INE835G01018,NSE,Unclassified,Unclassified,ALLDIGI.NS,IN,NSE_MAINBOARD
ALLTIME,All Time Plastics Limited,INE0GV601021,NSE,Unclassified,Unclassified,ALLTIME.NS,IN,NSE_MAINBOARD
ALMONDZ,Almondz Global Securities Limited,INE326B01035,NSE,Unclassified,Unclassified,ALMONDZ.NS,IN,NSE_MAINBOARD
ALOKINDS,Alok Industries Limited,INE270A01029,NSE,Unclassified,Unclassified,ALOKINDS.NS,IN,NSE_MAINBOARD
ALPA,Alpa Laboratories Limited,INE385I01010,NSE,Unclassified,Unclassified,ALPA.NS,IN,NSE_MAINBOARD
ALPHAGEO,Alphageo (India) Limited,INE137C01018,NSE,Unclassified,Unclassified,ALPHAGEO.NS,IN,NSE_MAINBOARD
ALPINETEX,Alpine Texworld Limited,INE1JCQ01037,NSE,Unclassified,Unclassified,ALPINETEX.NS,IN,NSE_MAINBOARD
AMAGI,Amagi Media Labs Limited,INE121R01077,NSE,Unclassified,Unclassified,AMAGI.NS,IN,NSE_MAINBOARD
AMANTA,Amanta Healthcare Limited,INE084K01015,NSE,Unclassified,Unclassified,AMANTA.NS,IN,NSE_MAINBOARD
AMBALALSA,Ambalal Sarabhai Enterprises Limited,INE432A01017,NSE,Unclassified,Unclassified,AMBALALSA.NS,IN,NSE_MAINBOARD
AMBER,Amber Enterprises India Limited,INE371P01015,NSE,Unclassified,Unclassified,AMBER.NS,IN,NSE_MAINBOARD
AMBICAAGAR,Ambica Agarbathies & Aroma industries Limited,INE792B01012,NSE,Unclassified,Unclassified,AMBICAAGAR.NS,IN,NSE_MAINBOARD
AMBIKCO,Ambika Cotton Mills Limited,INE540G01014,NSE,Unclassified,Unclassified,AMBIKCO.NS,IN,NSE_MAINBOARD
AMBUJACEM,Ambuja Cements Limited,INE079A01024,NSE,Construction Materials,Construction Materials,AMBUJACEM.NS,IN,NSE_MAINBOARD
AMDIND,AMD Industries Limited,INE005I01014,NSE,Unclassified,Unclassified,AMDIND.NS,IN,NSE_MAINBOARD
AMJLAND,Amj Land Holdings Limited,INE606A01024,NSE,Unclassified,Unclassified,AMJLAND.NS,IN,NSE_MAINBOARD
AMNPLST,Amines & Plasticizers Limited,INE275D01022,NSE,Unclassified,Unclassified,AMNPLST.NS,IN,NSE_MAINBOARD
AMRUTANJAN,Amrutanjan Health Care Limited,INE098F01031,NSE,Unclassified,Unclassified,AMRUTANJAN.NS,IN,NSE_MAINBOARD
ANANDRATHI,Anand Rathi Wealth Limited,INE463V01026,NSE,Unclassified,Unclassified,ANANDRATHI.NS,IN,NSE_MAINBOARD
ANANTRAJ,Anant Raj Limited,INE242C01024,NSE,Unclassified,Unclassified,ANANTRAJ.NS,IN,NSE_MAINBOARD
ANDHRAPAP,ANDHRA PAPER LIMITED,INE435A01051,NSE,Unclassified,Unclassified,ANDHRAPAP.NS,IN,NSE_MAINBOARD
ANDHRSUGAR,The Andhra Sugars Limited,INE715B01021,NSE,Unclassified,Unclassified,ANDHRSUGAR.NS,IN,NSE_MAINBOARD
ANGELONE,Angel One Limited,INE732I01021,NSE,Unclassified,Unclassified,ANGELONE.NS,IN,NSE_MAINBOARD
ANIKINDS,Anik Industries Limited,INE087B01017,NSE,Unclassified,Unclassified,ANIKINDS.NS,IN,NSE_MAINBOARD
ANKITMETAL,Ankit Metal & Power Limited,INE106I01010,NSE,Unclassified,Unclassified,ANKITMETAL.NS,IN,NSE_MAINBOARD
ANMOL,Anmol India Limited,INE02AR01019,NSE,Unclassified,Unclassified,ANMOL.NS,IN,NSE_MAINBOARD
ANSALAPI,Ansal Properties & Infrastructure Limited,INE436A01026,NSE,Unclassified,Unclassified,ANSALAPI.NS,IN,NSE_MAINBOARD
ANTELOPUS,Antelopus Selan Energy Limited,INE818A01017,NSE,Unclassified,Unclassified,ANTELOPUS.NS,IN,NSE_MAINBOARD
ANTGRAPHIC,Antarctica Limited,INE414B01021,NSE,Unclassified,Unclassified,ANTGRAPHIC.NS,IN,NSE_MAINBOARD
ANTHEM,Anthem Biosciences Limited,INE0CZ201020,NSE,Unclassified,Unclassified,ANTHEM.NS,IN,NSE_MAINBOARD
ANUHPHR,Anuh Pharma Limited,INE489G01022,NSE,Unclassified,Unclassified,ANUHPHR.NS,IN,NSE_MAINBOARD
ANUP,The Anup Engineering Limited,INE294Z01018,NSE,Unclassified,Unclassified,ANUP.NS,IN,NSE_MAINBOARD
ANURAS,Anupam Rasayan India Limited,INE930P01018,NSE,Unclassified,Unclassified,ANURAS.NS,IN,NSE_MAINBOARD
APARINDS,Apar Industries Limited,INE372A01015,NSE,Unclassified,Unclassified,APARINDS.NS,IN,NSE_MAINBOARD
APCL,Anjani Portland Cement Limited,INE071F01012,NSE,Unclassified,Unclassified,APCL.NS,IN,NSE_MAINBOARD
APCOTEXIND,Apcotex Industries Limited,INE116A01032,NSE,Unclassified,Unclassified,APCOTEXIND.NS,IN,NSE_MAINBOARD
APEX,Apex Frozen Foods Limited,INE346W01013,NSE,Unclassified,Unclassified,APEX.NS,IN,NSE_MAINBOARD
APLAPOLLO,APL Apollo Tubes Limited,INE702C01027,NSE,Capital Goods,Capital Goods,APLAPOLLO.NS,IN,NSE_MAINBOARD
APLLTD,Alembic Pharmaceuticals Limited,INE901L01018,NSE,Unclassified,Unclassified,APLLTD.NS,IN,NSE_MAINBOARD
APOLLO,Apollo Micro Systems Limited,INE713T01028,NSE,Unclassified,Unclassified,APOLLO.NS,IN,NSE_MAINBOARD
APOLLOHOSP,Apollo Hospitals Enterprise Limited,INE437A01024,NSE,Healthcare,Healthcare,APOLLOHOSP.NS,IN,NSE_MAINBOARD
APOLLOPIPE,Apollo Pipes Limited,INE126J01016,NSE,Unclassified,Unclassified,APOLLOPIPE.NS,IN,NSE_MAINBOARD
APOLLOTYRE,Apollo Tyres Limited,INE438A01022,NSE,Unclassified,Unclassified,APOLLOTYRE.NS,IN,NSE_MAINBOARD
APOLSINHOT,Apollo Sindoori Hotels Limited,INE451F01024,NSE,Unclassified,Unclassified,APOLSINHOT.NS,IN,NSE_MAINBOARD
APTECHT,Aptech Limited,INE266F01018,NSE,Unclassified,Unclassified,APTECHT.NS,IN,NSE_MAINBOARD
APTUS,Aptus Value Housing Finance India Limited,INE852O01025,NSE,Unclassified,Unclassified,APTUS.NS,IN,NSE_MAINBOARD
AQYLON,Aqylon Nexus Limited,INE416A01051,NSE,Unclassified,Unclassified,AQYLON.NS,IN,NSE_MAINBOARD
ARCHIDPLY,Archidply Industries Limited,INE877I01016,NSE,Unclassified,Unclassified,ARCHIDPLY.NS,IN,NSE_MAINBOARD
ARCHIES,Archies Limited,INE731A01020,NSE,Unclassified,Unclassified,ARCHIES.NS,IN,NSE_MAINBOARD
ARE&M,Amara Raja Energy & Mobility Limited,INE885A01032,NSE,Unclassified,Unclassified,ARE&M.NS,IN,NSE_MAINBOARD
ARENTERP,Rajdarshan Industries Limited,INE610C01014,NSE,Unclassified,Unclassified,ARENTERP.NS,IN,NSE_MAINBOARD
ARFIN,Arfin India Limited,INE784R01023,NSE,Unclassified,Unclassified,ARFIN.NS,IN,NSE_MAINBOARD
ARIES,Aries Agro Limited,INE298I01015,NSE,Unclassified,Unclassified,ARIES.NS,IN,NSE_MAINBOARD
ARIHANT,Arihant Foundations & Housing Limited,INE413D01011,NSE,Unclassified,Unclassified,ARIHANT.NS,IN,NSE_MAINBOARD
ARIHANTCAP,Arihant Capital Markets Limited,INE420B01036,NSE,Unclassified,Unclassified,ARIHANTCAP.NS,IN,NSE_MAINBOARD
ARIHANTSUP,Arihant Superstructures Limited,INE643K01018,NSE,Unclassified,Unclassified,ARIHANTSUP.NS,IN,NSE_MAINBOARD
ARIS,Arisinfra Solutions Limited,INE0H9P01028,NSE,Unclassified,Unclassified,ARIS.NS,IN,NSE_MAINBOARD
ARKADE,Arkade Developers Limited,INE0QRL01017,NSE,Unclassified,Unclassified,ARKADE.NS,IN,NSE_MAINBOARD
ARMANFIN,Arman Financial Services Limited,INE109C01017,NSE,Unclassified,Unclassified,ARMANFIN.NS,IN,NSE_MAINBOARD
AROGRANITE,Aro Granite Industries Limited,INE210C01013,NSE,Unclassified,Unclassified,AROGRANITE.NS,IN,NSE_MAINBOARD
ARROWGREEN,Arrow Greentech Limited,INE570D01018,NSE,Unclassified,Unclassified,ARROWGREEN.NS,IN,NSE_MAINBOARD
ARSHIYA,Arshiya Limited,INE968D01022,NSE,Unclassified,Unclassified,ARSHIYA.NS,IN,NSE_MAINBOARD
ARSSBL,Anand Rathi Share and Stock Brokers Limited,INE549H01021,NSE,Unclassified,Unclassified,ARSSBL.NS,IN,NSE_MAINBOARD
ARTEMISMED,Artemis Medicare Services Limited,INE025R01021,NSE,Unclassified,Unclassified,ARTEMISMED.NS,IN,NSE_MAINBOARD
ARTNIRMAN,Art Nirman Limited,INE738V01013,NSE,Unclassified,Unclassified,ARTNIRMAN.NS,IN,NSE_MAINBOARD
ARVEE,Arvee Laboratories (India) Limited,INE006Z01016,NSE,Unclassified,Unclassified,ARVEE.NS,IN,NSE_MAINBOARD
ARVIND,Arvind Limited,INE034A01011,NSE,Unclassified,Unclassified,ARVIND.NS,IN,NSE_MAINBOARD
ARVINDFASN,Arvind Fashions Limited,INE955V01021,NSE,Unclassified,Unclassified,ARVINDFASN.NS,IN,NSE_MAINBOARD
ARVSMART,Arvind SmartSpaces Limited,INE034S01021,NSE,Unclassified,Unclassified,ARVSMART.NS,IN,NSE_MAINBOARD
ASAHIINDIA,Asahi India Glass Limited,INE439A01020,NSE,Unclassified,Unclassified,ASAHIINDIA.NS,IN,NSE_MAINBOARD
ASAHISONG,Asahi Songwon Colors Limited,INE228I01012,NSE,Unclassified,Unclassified,ASAHISONG.NS,IN,NSE_MAINBOARD
ASAL,Automotive Stampings and Assemblies Limited,INE900C01027,NSE,Unclassified,Unclassified,ASAL.NS,IN,NSE_MAINBOARD
ASALCBR,Associated Alcohols & Breweries Ltd.,INE073G01016,NSE,Unclassified,Unclassified,ASALCBR.NS,IN,NSE_MAINBOARD
ASHAPURMIN,Ashapura Minechem Limited,INE348A01023,NSE,Unclassified,Unclassified,ASHAPURMIN.NS,IN,NSE_MAINBOARD
ASHIANA,Ashiana Housing Limited,INE365D01021,NSE,Unclassified,Unclassified,ASHIANA.NS,IN,NSE_MAINBOARD
ASHIKA,Ashika Credit Capital Limited,INE094B01013,NSE,Unclassified,Unclassified,ASHIKA.NS,IN,NSE_MAINBOARD
ASHIMASYN,Ashima Limited,INE440A01010,NSE,Unclassified,Unclassified,ASHIMASYN.NS,IN,NSE_MAINBOARD
ASHOKA,Ashoka Buildcon Limited,INE442H01029,NSE,Unclassified,Unclassified,ASHOKA.NS,IN,NSE_MAINBOARD
ASHOKAMET,Ashoka Metcast Limited,INE760Y01011,NSE,Unclassified,Unclassified,ASHOKAMET.NS,IN,NSE_MAINBOARD
ASHOKLEY,Ashok Leyland Limited,INE208A01029,NSE,Capital Goods,Capital Goods,ASHOKLEY.NS,IN,NSE_MAINBOARD
ASIANENE,Asian Energy Services Limited,INE276G01015,NSE,Unclassified,Unclassified,ASIANENE.NS,IN,NSE_MAINBOARD
ASIANHOTNR,Asian Hotels (North) Limited,INE363A01022,NSE,Unclassified,Unclassified,ASIANHOTNR.NS,IN,NSE_MAINBOARD
ASIANPAINT,Asian Paints Limited,INE021A01026,NSE,Consumer Durables,Consumer Durables,ASIANPAINT.NS,IN,NSE_MAINBOARD
ASIANTILES,Asian Granito India Limited,INE022I01019,NSE,Unclassified,Unclassified,ASIANTILES.NS,IN,NSE_MAINBOARD
ASKAUTOLTD,ASK Automotive Limited,INE491J01022,NSE,Unclassified,Unclassified,ASKAUTOLTD.NS,IN,NSE_MAINBOARD
ASMS,Avio Smart Market Stack Limited,INE855F01042,NSE,Unclassified,Unclassified,ASMS.NS,IN,NSE_MAINBOARD
ASPINWALL,Aspinwall and Company Limited,INE991I01015,NSE,Unclassified,Unclassified,ASPINWALL.NS,IN,NSE_MAINBOARD
ASTAR,Asian Star Company Limited,INE194D01017,NSE,Unclassified,Unclassified,ASTAR.NS,IN,NSE_MAINBOARD
ASTEC,Astec LifeSciences Limited,INE563J01010,NSE,Unclassified,Unclassified,ASTEC.NS,IN,NSE_MAINBOARD
ASTERDM,Aster DM Healthcare Limited,INE914M01019,NSE,Unclassified,Unclassified,ASTERDM.NS,IN,NSE_MAINBOARD
ASTRAL,Astral Limited,INE006I01046,NSE,Capital Goods,Capital Goods,ASTRAL.NS,IN,NSE_MAINBOARD
ASTRAMICRO,Astra Microwave Products Limited,INE386C01029,NSE,Unclassified,Unclassified,ASTRAMICRO.NS,IN,NSE_MAINBOARD
ASTRAZEN,AstraZeneca Pharma India Limited,INE203A01020,NSE,Unclassified,Unclassified,ASTRAZEN.NS,IN,NSE_MAINBOARD
ASTRON,Astron Paper & Board Mill Limited,INE646X01014,NSE,Unclassified,Unclassified,ASTRON.NS,IN,NSE_MAINBOARD
ATALREAL,Atal Realtech Limited,INE0ALR01029,NSE,Unclassified,Unclassified,ATALREAL.NS,IN,NSE_MAINBOARD
ATAM,Atam Valves Limited,INE09KD01013,NSE,Unclassified,Unclassified,ATAM.NS,IN,NSE_MAINBOARD
ATGL,Adani Total Gas Limited,INE399L01023,NSE,Oil Gas & Consumable Fuels,Oil Gas & Consumable Fuels,ATGL.NS,IN,NSE_MAINBOARD
ATHERENERG,Ather Energy Limited,INE0LEZ01016,NSE,Unclassified,Unclassified,ATHERENERG.NS,IN,NSE_MAINBOARD
ATL,Allcargo Terminals Limited,INE0NN701020,NSE,Unclassified,Unclassified,ATL.NS,IN,NSE_MAINBOARD
ATLANTAA,ATLANTAA LIMITED,INE285H01022,NSE,Unclassified,Unclassified,ATLANTAA.NS,IN,NSE_MAINBOARD
ATLANTAELE,Atlanta Electricals Limited,INE0Z4F01028,NSE,Unclassified,Unclassified,ATLANTAELE.NS,IN,NSE_MAINBOARD
ATLASCYCLE,Atlas Cycles (Haryana) Limited,INE446A01025,NSE,Unclassified,Unclassified,ATLASCYCLE.NS,IN,NSE_MAINBOARD
ATUL,Atul Limited,INE100A01010,NSE,Unclassified,Unclassified,ATUL.NS,IN,NSE_MAINBOARD
ATULAUTO,Atul Auto Limited,INE951D01028,NSE,Unclassified,Unclassified,ATULAUTO.NS,IN,NSE_MAINBOARD
AUBANK,AU Small Finance Bank Limited,INE949L01017,NSE,Financial Services,Financial Services,AUBANK.NS,IN,NSE_MAINBOARD
AURIONPRO,Aurionpro Solutions Limited,INE132H01018,NSE,Unclassified,Unclassified,AURIONPRO.NS,IN,NSE_MAINBOARD
AUROPHARMA,Aurobindo Pharma Limited,INE406A01037,NSE,Healthcare,Healthcare,AUROPHARMA.NS,IN,NSE_MAINBOARD
AURUM,Aurum PropTech Limited,INE898S01029,NSE,Unclassified,Unclassified,AURUM.NS,IN,NSE_MAINBOARD
AURUS,AURUS GEM CORPORATION LIMITED,INE142K01011,NSE,Unclassified,Unclassified,AURUS.NS,IN,NSE_MAINBOARD
AUSOMENT,Ausom Enterprise Limited,INE218C01016,NSE,Unclassified,Unclassified,AUSOMENT.NS,IN,NSE_MAINBOARD
AUTOAXLES,Automotive Axles Limited,INE449A01011,NSE,Unclassified,Unclassified,AUTOAXLES.NS,IN,NSE_MAINBOARD
AUTOIND,Autoline Industries Limited,INE718H01014,NSE,Unclassified,Unclassified,AUTOIND.NS,IN,NSE_MAINBOARD
AVADHSUGAR,Avadh Sugar & Energy Limited,INE349W01017,NSE,Unclassified,Unclassified,AVADHSUGAR.NS,IN,NSE_MAINBOARD
AVALON,Avalon Technologies Limited,INE0LCL01028,NSE,Unclassified,Unclassified,AVALON.NS,IN,NSE_MAINBOARD
AVANTEL,Avantel Limited,INE005B01027,NSE,Unclassified,Unclassified,AVANTEL.NS,IN,NSE_MAINBOARD
AVANTIFEED,Avanti Feeds Limited,INE871C01038,NSE,Unclassified,Unclassified,AVANTIFEED.NS,IN,NSE_MAINBOARD
AVG,AVG Logistics Limited,INE680Z01018,NSE,Unclassified,Unclassified,AVG.NS,IN,NSE_MAINBOARD
AVL,Aditya Vision Limited,INE679V01027,NSE,Unclassified,Unclassified,AVL.NS,IN,NSE_MAINBOARD
AVONMORE,Avonmore Capital & Management Services Limited,INE323B01024,NSE,Unclassified,Unclassified,AVONMORE.NS,IN,NSE_MAINBOARD
AVROIND,AVRO INDIA LIMITED,INE652Z01025,NSE,Unclassified,Unclassified,AVROIND.NS,IN,NSE_MAINBOARD
AVTNPL,AVT Natural Products Limited,INE488D01021,NSE,Unclassified,Unclassified,AVTNPL.NS,IN,NSE_MAINBOARD
AWFIS,Awfis Space Solutions Limited,INE108V01019,NSE,Unclassified,Unclassified,AWFIS.NS,IN,NSE_MAINBOARD
AWHCL,Antony Waste Handling Cell Limited,INE01BK01022,NSE,Unclassified,Unclassified,AWHCL.NS,IN,NSE_MAINBOARD
AWL,AWL Agri Business Limited,INE699H01024,NSE,Unclassified,Unclassified,AWL.NS,IN,NSE_MAINBOARD
AXISBANK,Axis Bank Limited,INE238A01034,NSE,Financial Services,Financial Services,AXISBANK.NS,IN,NSE_MAINBOARD
AXISCADES,AXISCADES Technologies Limited,INE555B01013,NSE,Unclassified,Unclassified,AXISCADES.NS,IN,NSE_MAINBOARD
AXITA,Axita Cotton Limited,INE02EZ01022,NSE,Unclassified,Unclassified,AXITA.NS,IN,NSE_MAINBOARD
AYE,Aye Finance Limited,INE501X01029,NSE,Unclassified,Unclassified,AYE.NS,IN,NSE_MAINBOARD
AYMSYNTEX,AYM Syntex Limited,INE193B01039,NSE,Unclassified,Unclassified,AYMSYNTEX.NS,IN,NSE_MAINBOARD
AZAD,Azad Engineering Limited,INE02IJ01035,NSE,Unclassified,Unclassified,AZAD.NS,IN,NSE_MAINBOARD
BAFNAPH,Bafna Pharmaceuticals Limited,INE878I01022,NSE,Unclassified,Unclassified,BAFNAPH.NS,IN,NSE_MAINBOARD
BAGFILMS,B.A.G Films and Media Limited,INE116D01028,NSE,Unclassified,Unclassified,BAGFILMS.NS,IN,NSE_MAINBOARD
BAIDFIN,Baid Finserv Limited,INE020D01022,NSE,Unclassified,Unclassified,BAIDFIN.NS,IN,NSE_MAINBOARD
BAJAJ-AUTO,Bajaj Auto Limited,INE917I01010,NSE,Automobile and Auto Components,Automobile and Auto Components,BAJAJ-AUTO.NS,IN,NSE_MAINBOARD
BAJAJCON,Bajaj Consumer Care Limited,INE933K01021,NSE,Unclassified,Unclassified,BAJAJCON.NS,IN,NSE_MAINBOARD
BAJAJELEC,Bajaj Electricals Limited,INE193E01025,NSE,Unclassified,Unclassified,BAJAJELEC.NS,IN,NSE_MAINBOARD
BAJAJFINSV,Bajaj Finserv Limited,INE918I01026,NSE,Financial Services,Financial Services,BAJAJFINSV.NS,IN,NSE_MAINBOARD
BAJAJHCARE,Bajaj Healthcare Limited,INE411U01027,NSE,Unclassified,Unclassified,BAJAJHCARE.NS,IN,NSE_MAINBOARD
BAJAJHFL,Bajaj Housing Finance Limited,INE377Y01014,NSE,Unclassified,Unclassified,BAJAJHFL.NS,IN,NSE_MAINBOARD
BAJAJHIND,Bajaj Hindusthan Sugar Limited,INE306A01021,NSE,Unclassified,Unclassified,BAJAJHIND.NS,IN,NSE_MAINBOARD
BAJAJHLDNG,Bajaj Holdings & Investment Limited,INE118A01012,NSE,Financial Services,Financial Services,BAJAJHLDNG.NS,IN,NSE_MAINBOARD
BAJAJINDEF,Indef Manufacturing Limited,INE0O9T01021,NSE,Unclassified,Unclassified,BAJAJINDEF.NS,IN,NSE_MAINBOARD
BAJAJST,Bajaj Steel Industries Limited,INE704G01024,NSE,Unclassified,Unclassified,BAJAJST.NS,IN,NSE_MAINBOARD
BAJEL,Bajel Projects Limited,INE0KQN01018,NSE,Unclassified,Unclassified,BAJEL.NS,IN,NSE_MAINBOARD
BAJFINANCE,Bajaj Finance Limited,INE296A01032,NSE,Financial Services,Financial Services,BAJFINANCE.NS,IN,NSE_MAINBOARD
BALAJEE,Shree Tirupati Balajee Agro Trading Company Limited,INE0S2G01011,NSE,Unclassified,Unclassified,BALAJEE.NS,IN,NSE_MAINBOARD
BALAJITELE,Balaji Telefilms Limited,INE794B01026,NSE,Unclassified,Unclassified,BALAJITELE.NS,IN,NSE_MAINBOARD
BALAMINES,Balaji Amines Limited,INE050E01027,NSE,Unclassified,Unclassified,BALAMINES.NS,IN,NSE_MAINBOARD
BALAXI,BALAXI PHARMACEUTICALS LIMITED,INE618N01022,NSE,Unclassified,Unclassified,BALAXI.NS,IN,NSE_MAINBOARD
BALKRISHNA,Balkrishna Paper Mills Limited,INE875R01011,NSE,Unclassified,Unclassified,BALKRISHNA.NS,IN,NSE_MAINBOARD
BALKRISIND,Balkrishna Industries Limited,INE787D01026,NSE,Unclassified,Unclassified,BALKRISIND.NS,IN,NSE_MAINBOARD
BALMLAWRIE,Balmer Lawrie & Company Limited,INE164A01016,NSE,Unclassified,Unclassified,BALMLAWRIE.NS,IN,NSE_MAINBOARD
BALPHARMA,Bal Pharma Limited,INE083D01012,NSE,Unclassified,Unclassified,BALPHARMA.NS,IN,NSE_MAINBOARD
BALRAMCHIN,Balrampur Chini Mills Limited,INE119A01028,NSE,Unclassified,Unclassified,BALRAMCHIN.NS,IN,NSE_MAINBOARD
BALUFORGE,Balu Forge Industries Limited,INE011E01029,NSE,Unclassified,Unclassified,BALUFORGE.NS,IN,NSE_MAINBOARD
BANARBEADS,Banaras Beads Limited,INE655B01011,NSE,Unclassified,Unclassified,BANARBEADS.NS,IN,NSE_MAINBOARD
BANARISUG,Bannari Amman Sugars Limited,INE459A01010,NSE,Unclassified,Unclassified,BANARISUG.NS,IN,NSE_MAINBOARD
BANCOINDIA,Banco Products (I) Limited,INE213C01025,NSE,Unclassified,Unclassified,BANCOINDIA.NS,IN,NSE_MAINBOARD
BANDHANBNK,Bandhan Bank Limited,INE545U01014,NSE,Unclassified,Unclassified,BANDHANBNK.NS,IN,NSE_MAINBOARD
BANG,Bang Overseas Limited,INE863I01016,NSE,Unclassified,Unclassified,BANG.NS,IN,NSE_MAINBOARD
BANKA,Banka BioLoo Limited,INE862Y01015,NSE,Unclassified,Unclassified,BANKA.NS,IN,NSE_MAINBOARD
BANKBARODA,Bank of Baroda,INE028A01039,NSE,Financial Services,Financial Services,BANKBARODA.NS,IN,NSE_MAINBOARD
BANKINDIA,Bank of India,INE084A01016,NSE,Financial Services,Financial Services,BANKINDIA.NS,IN,NSE_MAINBOARD
BANSALWIRE,Bansal Wire Industries Limited,INE0B9K01025,NSE,Unclassified,Unclassified,BANSALWIRE.NS,IN,NSE_MAINBOARD
BANSWRAS,Banswara Syntex Limited,INE629D01020,NSE,Unclassified,Unclassified,BANSWRAS.NS,IN,NSE_MAINBOARD
BASF,BASF India Limited,INE373A01013,NSE,Unclassified,Unclassified,BASF.NS,IN,NSE_MAINBOARD
BASML,Bannari Amman Spinning Mills Limited,INE186H01022,NSE,Unclassified,Unclassified,BASML.NS,IN,NSE_MAINBOARD
BATAINDIA,Bata India Limited,INE176A01028,NSE,Unclassified,Unclassified,BATAINDIA.NS,IN,NSE_MAINBOARD
BATLIBOI,Batliboi Limited,INE177C01022,NSE,Unclassified,Unclassified,BATLIBOI.NS,IN,NSE_MAINBOARD
BAYERCROP,Bayer Cropscience Limited,INE462A01022,NSE,Unclassified,Unclassified,BAYERCROP.NS,IN,NSE_MAINBOARD
BBL,Bharat Bijlee Limited,INE464A01036,NSE,Unclassified,Unclassified,BBL.NS,IN,NSE_MAINBOARD
BBOX,Black Box Limited,INE676A01027,NSE,Unclassified,Unclassified,BBOX.NS,IN,NSE_MAINBOARD
BBTC,The Bombay Burmah Trading Corporation Limited,INE050A01025,NSE,Unclassified,Unclassified,BBTC.NS,IN,NSE_MAINBOARD
BBTCL,B&B Triplewall Containers Limited,INE01EE01011,NSE,Unclassified,Unclassified,BBTCL.NS,IN,NSE_MAINBOARD
BCG,Brightcom Group Limited,INE425B01027,NSE,Unclassified,Unclassified,BCG.NS,IN,NSE_MAINBOARD
BCLIND,Bcl Industries Limited,INE412G01024,NSE,Unclassified,Unclassified,BCLIND.NS,IN,NSE_MAINBOARD
BCONCEPTS,Brand Concepts Limited,INE977Y01011,NSE,Unclassified,Unclassified,BCONCEPTS.NS,IN,NSE_MAINBOARD
BCPL,BCPL Railway Infrastructure Limited,INE00SW01015,NSE,Unclassified,Unclassified,BCPL.NS,IN,NSE_MAINBOARD
BDL,Bharat Dynamics Limited,INE171Z01026,NSE,Capital Goods,Capital Goods,BDL.NS,IN,NSE_MAINBOARD
BEARDSELL,Beardsell Limited,INE520H01022,NSE,Unclassified,Unclassified,BEARDSELL.NS,IN,NSE_MAINBOARD
BECTORFOOD,Mrs. Bectors Food Specialities Limited,INE495P01020,NSE,Unclassified,Unclassified,BECTORFOOD.NS,IN,NSE_MAINBOARD
BEDMUTHA,Bedmutha Industries Limited,INE844K01012,NSE,Unclassified,Unclassified,BEDMUTHA.NS,IN,NSE_MAINBOARD
BEEKAY,Beekay Steel Industries Limited,INE213D01015,NSE,Unclassified,Unclassified,BEEKAY.NS,IN,NSE_MAINBOARD
BEL,Bharat Electronics Limited,INE263A01024,NSE,Capital Goods,Capital Goods,BEL.NS,IN,NSE_MAINBOARD
BELLACASA,Bella Casa Fashion & Retail Limited,INE344T01014,NSE,Unclassified,Unclassified,BELLACASA.NS,IN,NSE_MAINBOARD
BELRISE,Belrise Industries Limited,INE894V01022,NSE,Unclassified,Unclassified,BELRISE.NS,IN,NSE_MAINBOARD
BEML,BEML Limited,INE258A01024,NSE,Unclassified,Unclassified,BEML.NS,IN,NSE_MAINBOARD
BENGALASM,Bengal & Assam Company Limited,INE083K01017,NSE,Unclassified,Unclassified,BENGALASM.NS,IN,NSE_MAINBOARD
BEPL,Bhansali Engineering Polymers Limited,INE922A01025,NSE,Unclassified,Unclassified,BEPL.NS,IN,NSE_MAINBOARD
BERGEPAINT,Berger Paints (I) Limited,INE463A01038,NSE,Unclassified,Unclassified,BERGEPAINT.NS,IN,NSE_MAINBOARD
BESTAGRO,Best Agrolife Limited,INE052T01021,NSE,Unclassified,Unclassified,BESTAGRO.NS,IN,NSE_MAINBOARD
BETA,Beta Drugs Limited,INE351Y01019,NSE,Unclassified,Unclassified,BETA.NS,IN,NSE_MAINBOARD
BFINVEST,BF Investment Limited,INE878K01010,NSE,Unclassified,Unclassified,BFINVEST.NS,IN,NSE_MAINBOARD
BFUTILITIE,BF Utilities Limited,INE243D01012,NSE,Unclassified,Unclassified,BFUTILITIE.NS,IN,NSE_MAINBOARD
BGRENERGY,BGR Energy Systems Limited,INE661I01014,NSE,Unclassified,Unclassified,BGRENERGY.NS,IN,NSE_MAINBOARD
BHAGCHEM,Bhagiradha Chemicals & Industries Limited,INE414D01027,NSE,Unclassified,Unclassified,BHAGCHEM.NS,IN,NSE_MAINBOARD
BHAGERIA,Bhageria Industries Limited,INE354C01027,NSE,Unclassified,Unclassified,BHAGERIA.NS,IN,NSE_MAINBOARD
BHAGYANGR,Bhagyanagar India Limited,INE458B01036,NSE,Unclassified,Unclassified,BHAGYANGR.NS,IN,NSE_MAINBOARD
BHANDARI,Bhandari Hosiery Exports Limited,INE474E01029,NSE,Unclassified,Unclassified,BHANDARI.NS,IN,NSE_MAINBOARD
BHARATCOAL,Bharat Coking Coal Limited,INE05XR01022,NSE,Unclassified,Unclassified,BHARATCOAL.NS,IN,NSE_MAINBOARD
BHARATFORG,Bharat Forge Limited,INE465A01025,NSE,Automobile and Auto Components,Automobile and Auto Components,BHARATFORG.NS,IN,NSE_MAINBOARD
BHARATGEAR,Bharat Gears Limited,INE561C01019,NSE,Unclassified,Unclassified,BHARATGEAR.NS,IN,NSE_MAINBOARD
BHARATRAS,Bharat Rasayan Limited,INE838B01021,NSE,Unclassified,Unclassified,BHARATRAS.NS,IN,NSE_MAINBOARD
BHARATSE,Bharat Seats Limited,INE415D01024,NSE,Unclassified,Unclassified,BHARATSE.NS,IN,NSE_MAINBOARD
BHARATWIRE,Bharat Wire Ropes Limited,INE316L01019,NSE,Unclassified,Unclassified,BHARATWIRE.NS,IN,NSE_MAINBOARD
BHARTIARTL,Bharti Airtel Limited,INE397D01024,NSE,Telecommunication,Telecommunication,BHARTIARTL.NS,IN,NSE_MAINBOARD
BHARTIHEXA,Bharti Hexacom Limited,INE343G01021,NSE,Unclassified,Unclassified,BHARTIHEXA.NS,IN,NSE_MAINBOARD
BHEL,Bharat Heavy Electricals Limited,INE257A01026,NSE,Capital Goods,Capital Goods,BHEL.NS,IN,NSE_MAINBOARD
BI,Bilcare Limited,INE986A01012,NSE,Unclassified,Unclassified,BI.NS,IN,NSE_MAINBOARD
BIGBLOC,Bigbloc Construction Limited,INE412U01025,NSE,Unclassified,Unclassified,BIGBLOC.NS,IN,NSE_MAINBOARD
BIKAJI,Bikaji Foods International Limited,INE00E101023,NSE,Unclassified,Unclassified,BIKAJI.NS,IN,NSE_MAINBOARD
BIL,Bhartiya International Limited,INE828A01016,NSE,Unclassified,Unclassified,BIL.NS,IN,NSE_MAINBOARD
BILVYAPAR,BIL VYAPAR LIMITED,INE071A01013,NSE,Unclassified,Unclassified,BILVYAPAR.NS,IN,NSE_MAINBOARD
BIMETAL,Bimetal Bearings Limited,INE469A01019,NSE,Unclassified,Unclassified,BIMETAL.NS,IN,NSE_MAINBOARD
BIOCON,Biocon Limited,INE376G01013,NSE,Healthcare,Healthcare,BIOCON.NS,IN,NSE_MAINBOARD
BIOFILCHEM,Biofil Chemicals & Pharmaceuticals Limited,INE829A01014,NSE,Unclassified,Unclassified,BIOFILCHEM.NS,IN,NSE_MAINBOARD
BIRLACABLE,Birla Cable Limited,INE800A01015,NSE,Unclassified,Unclassified,BIRLACABLE.NS,IN,NSE_MAINBOARD
BIRLACORPN,Birla Corporation Limited,INE340A01012,NSE,Unclassified,Unclassified,BIRLACORPN.NS,IN,NSE_MAINBOARD
BIRLAMONEY,Aditya Birla Money Limited,INE865C01022,NSE,Unclassified,Unclassified,BIRLAMONEY.NS,IN,NSE_MAINBOARD
BIRLANU,BirlaNu Limited,INE557A01011,NSE,Unclassified,Unclassified,BIRLANU.NS,IN,NSE_MAINBOARD
BIRLAPREC,Birla Precision Technologies Limited,INE372E01025,NSE,Unclassified,Unclassified,BIRLAPREC.NS,IN,NSE_MAINBOARD
BLACKBUCK,BLACKBUCK LIMITED,INE0UIZ01018,NSE,Unclassified,Unclassified,BLACKBUCK.NS,IN,NSE_MAINBOARD
BLACKROSE,Black Rose Inds. Limited,INE761G01016,NSE,Unclassified,Unclassified,BLACKROSE.NS,IN,NSE_MAINBOARD
BLAL,BEML Land Assets Limited,INE0N7W01012,NSE,Unclassified,Unclassified,BLAL.NS,IN,NSE_MAINBOARD
BLBLIMITED,BLB Limited,INE791A01024,NSE,Unclassified,Unclassified,BLBLIMITED.NS,IN,NSE_MAINBOARD
BLIL,Balmer Lawrie Investments Limited,INE525F01025,NSE,Unclassified,Unclassified,BLIL.NS,IN,NSE_MAINBOARD
BLISSGVS,Bliss GVS Pharma Limited,INE416D01022,NSE,Unclassified,Unclassified,BLISSGVS.NS,IN,NSE_MAINBOARD
BLKASHYAP,B. L. Kashyap and Sons Limited,INE350H01032,NSE,Unclassified,Unclassified,BLKASHYAP.NS,IN,NSE_MAINBOARD
BLS,BLS International Services Limited,INE153T01027,NSE,Unclassified,Unclassified,BLS.NS,IN,NSE_MAINBOARD
BLSE,BLS E-Services Limited,INE0NLT01010,NSE,Unclassified,Unclassified,BLSE.NS,IN,NSE_MAINBOARD
BLUECHIP,Blue Chip India Limited,INE657B01025,NSE,Unclassified,Unclassified,BLUECHIP.NS,IN,NSE_MAINBOARD
BLUECOAST,Blue Coast Hotels Limited,INE472B01011,NSE,Unclassified,Unclassified,BLUECOAST.NS,IN,NSE_MAINBOARD
BLUEDART,Blue Dart Express Limited,INE233B01017,NSE,Unclassified,Unclassified,BLUEDART.NS,IN,NSE_MAINBOARD
BLUEJET,Blue Jet Healthcare Limited,INE0KBH01020,NSE,Unclassified,Unclassified,BLUEJET.NS,IN,NSE_MAINBOARD
BLUESTARCO,Blue Star Limited,INE472A01039,NSE,Consumer Durables,Consumer Durables,BLUESTARCO.NS,IN,NSE_MAINBOARD
BLUESTONE,BlueStone Jewellery and Lifestyle Limited,INE304W01038,NSE,Unclassified,Unclassified,BLUESTONE.NS,IN,NSE_MAINBOARD
BLUSPRING,Bluspring Enterprises Limited,INE0U4101014,NSE,Unclassified,Unclassified,BLUSPRING.NS,IN,NSE_MAINBOARD
BMWVENTLTD,BMW Ventures Limited,INE965W01036,NSE,Unclassified,Unclassified,BMWVENTLTD.NS,IN,NSE_MAINBOARD
BNAGROCHEM,BN Agrochem Limited,INE00HZ01011,NSE,Unclassified,Unclassified,BNAGROCHEM.NS,IN,NSE_MAINBOARD
BNALTD,B & A Limited,INE489D01011,NSE,Unclassified,Unclassified,BNALTD.NS,IN,NSE_MAINBOARD
BODALCHEM,Bodal Chemicals Limited,INE338D01028,NSE,Unclassified,Unclassified,BODALCHEM.NS,IN,NSE_MAINBOARD
BOHRAIND,Bohra Industries Limited,INE802W01023,NSE,Unclassified,Unclassified,BOHRAIND.NS,IN,NSE_MAINBOARD
BOMDYEING,Bombay Dyeing & Mfg Company Limited,INE032A01023,NSE,Unclassified,Unclassified,BOMDYEING.NS,IN,NSE_MAINBOARD
BONLON,Bonlon Industries Limited,INE0B9A01018,NSE,Unclassified,Unclassified,BONLON.NS,IN,NSE_MAINBOARD
BORANA,Borana Weaves Limited,INE16SF01016,NSE,Unclassified,Unclassified,BORANA.NS,IN,NSE_MAINBOARD
BOROLTD,Borosil Limited,INE02PY01013,NSE,Unclassified,Unclassified,BOROLTD.NS,IN,NSE_MAINBOARD
BORORENEW,BOROSIL RENEWABLES LIMITED,INE666D01022,NSE,Unclassified,Unclassified,BORORENEW.NS,IN,NSE_MAINBOARD
BOROSCI,Borosil Scientific Limited,INE02L001032,NSE,Unclassified,Unclassified,BOROSCI.NS,IN,NSE_MAINBOARD
BOSCH-HCIL,BOSCH HOME COMFORT INDIA LIMITED,INE782A01015,NSE,Unclassified,Unclassified,BOSCH-HCIL.NS,IN,NSE_MAINBOARD
BOSCHLTD,Bosch Limited,INE323A01026,NSE,Automobile and Auto Components,Automobile and Auto Components,BOSCHLTD.NS,IN,NSE_MAINBOARD
BPCL,Bharat Petroleum Corporation Limited,INE029A01011,NSE,Oil Gas & Consumable Fuels,Oil Gas & Consumable Fuels,BPCL.NS,IN,NSE_MAINBOARD
BPL,BPL Limited,INE110A01019,NSE,Unclassified,Unclassified,BPL.NS,IN,NSE_MAINBOARD
BRIGADE,Brigade Enterprises Limited,INE791I01019,NSE,Unclassified,Unclassified,BRIGADE.NS,IN,NSE_MAINBOARD
BRIGHOTEL,Brigade Hotel Ventures Limited,INE03NU01014,NSE,Unclassified,Unclassified,BRIGHOTEL.NS,IN,NSE_MAINBOARD
BRITANNIA,Britannia Industries Limited,INE216A01030,NSE,Fast Moving Consumer Goods,Fast Moving Consumer Goods,BRITANNIA.NS,IN,NSE_MAINBOARD
BRNL,Bharat Road Network Limited,INE727S01012,NSE,Unclassified,Unclassified,BRNL.NS,IN,NSE_MAINBOARD
BROOKS,Brooks Laboratories Limited,INE650L01011,NSE,Unclassified,Unclassified,BROOKS.NS,IN,NSE_MAINBOARD
BSE,BSE Limited,INE118H01025,NSE,Financial Services,Financial Services,BSE.NS,IN,NSE_MAINBOARD
BSHSL,Bombay Super Hybrid Seeds Limited,INE032Z01020,NSE,Unclassified,Unclassified,BSHSL.NS,IN,NSE_MAINBOARD
BSL,BSL Limited,INE594B01012,NSE,Unclassified,Unclassified,BSL.NS,IN,NSE_MAINBOARD
BSOFT,BIRLASOFT LIMITED,INE836A01035,NSE,Unclassified,Unclassified,BSOFT.NS,IN,NSE_MAINBOARD
BTML,Bodhi Tree Multimedia Limited,INE0EEJ01023,NSE,Unclassified,Unclassified,BTML.NS,IN,NSE_MAINBOARD
BTTL,Bhilwara Technical Textiles Limited,INE274K01012,NSE,Unclassified,Unclassified,BTTL.NS,IN,NSE_MAINBOARD
BUILDPRO,Shankara Buildpro Limited,INE24OJ01011,NSE,Unclassified,Unclassified,BUILDPRO.NS,IN,NSE_MAINBOARD
BUTTERFLY,Butterfly Gandhimathi Appliances Limited,INE295F01017,NSE,Unclassified,Unclassified,BUTTERFLY.NS,IN,NSE_MAINBOARD
BVCL,Barak Valley Cements Limited,INE139I01011,NSE,Unclassified,Unclassified,BVCL.NS,IN,NSE_MAINBOARD
BYKE,The Byke Hospitality Ltd,INE319B01014,NSE,Unclassified,Unclassified,BYKE.NS,IN,NSE_MAINBOARD
CALSOFT,California Software Company Limited,INE526B01014,NSE,Unclassified,Unclassified,CALSOFT.NS,IN,NSE_MAINBOARD
CAMLINFINE,Camlin Fine Sciences Limited,INE052I01032,NSE,Unclassified,Unclassified,CAMLINFINE.NS,IN,NSE_MAINBOARD
CAMPUS,Campus Activewear Limited,INE278Y01022,NSE,Unclassified,Unclassified,CAMPUS.NS,IN,NSE_MAINBOARD
CAMS,Computer Age Management Services Limited,INE596I01020,NSE,Unclassified,Unclassified,CAMS.NS,IN,NSE_MAINBOARD
CANBK,Canara Bank,INE476A01022,NSE,Financial Services,Financial Services,CANBK.NS,IN,NSE_MAINBOARD
CANFINHOME,Can Fin Homes Limited,INE477A01020,NSE,Unclassified,Unclassified,CANFINHOME.NS,IN,NSE_MAINBOARD
CANHLIFE,Canara HSBC Life Insurance Company Limited,INE01TY01017,NSE,Unclassified,Unclassified,CANHLIFE.NS,IN,NSE_MAINBOARD
CANTABIL,Cantabil Retail India Limited,INE068L01024,NSE,Unclassified,Unclassified,CANTABIL.NS,IN,NSE_MAINBOARD
CAPACITE,Capacit'e Infraprojects Limited,INE264T01014,NSE,Unclassified,Unclassified,CAPACITE.NS,IN,NSE_MAINBOARD
CAPILLARY,Capillary Technologies India Limited,INE0ILV01024,NSE,Unclassified,Unclassified,CAPILLARY.NS,IN,NSE_MAINBOARD
CAPITALSFB,Capital Small Finance Bank Limited,INE646H01017,NSE,Unclassified,Unclassified,CAPITALSFB.NS,IN,NSE_MAINBOARD
CAPLIPOINT,Caplin Point Laboratories Limited,INE475E01026,NSE,Unclassified,Unclassified,CAPLIPOINT.NS,IN,NSE_MAINBOARD
CAPTRUST,Capital Trust Limited,INE707C01018,NSE,Unclassified,Unclassified,CAPTRUST.NS,IN,NSE_MAINBOARD
CARBORUNIV,Carborundum Universal Limited,INE120A01034,NSE,Unclassified,Unclassified,CARBORUNIV.NS,IN,NSE_MAINBOARD
CARERATING,CARE Ratings Limited,INE752H01013,NSE,Unclassified,Unclassified,CARERATING.NS,IN,NSE_MAINBOARD
CARRARO,Carraro India Limited,INE0V7W01012,NSE,Unclassified,Unclassified,CARRARO.NS,IN,NSE_MAINBOARD
CARTRADE,Cartrade Tech Limited,INE290S01011,NSE,Unclassified,Unclassified,CARTRADE.NS,IN,NSE_MAINBOARD
CARYSIL,CARYSIL LIMITED,INE482D01024,NSE,Unclassified,Unclassified,CARYSIL.NS,IN,NSE_MAINBOARD
CASTROLIND,Castrol India Limited,INE172A01027,NSE,Unclassified,Unclassified,CASTROLIND.NS,IN,NSE_MAINBOARD
CCAVENUE,AvenuesAI Limited,INE483S01020,NSE,Unclassified,Unclassified,CCAVENUE.NS,IN,NSE_MAINBOARD
CCCL,Consolidated Construction Consortium Limited,INE429I01024,NSE,Unclassified,Unclassified,CCCL.NS,IN,NSE_MAINBOARD
CCHHL,Country Club Hospitality & Holidays Limited,INE652F01027,NSE,Unclassified,Unclassified,CCHHL.NS,IN,NSE_MAINBOARD
CCL,CCL Products (India) Limited,INE421D01022,NSE,Unclassified,Unclassified,CCL.NS,IN,NSE_MAINBOARD
CDSL,Central Depository Services (India) Limited,INE736A01011,NSE,Unclassified,Unclassified,CDSL.NS,IN,NSE_MAINBOARD
CEATLTD,CEAT Limited,INE482A01020,NSE,Unclassified,Unclassified,CEATLTD.NS,IN,NSE_MAINBOARD
CEIGALL,Ceigall India Limited,INE0AG901020,NSE,Unclassified,Unclassified,CEIGALL.NS,IN,NSE_MAINBOARD
CEINSYS,Ceinsys Tech Limited,INE016Q01014,NSE,Unclassified,Unclassified,CEINSYS.NS,IN,NSE_MAINBOARD
CELEBRITY,Celebrity Fashions Limited,INE185H01016,NSE,Unclassified,Unclassified,CELEBRITY.NS,IN,NSE_MAINBOARD
CELLO,Cello World Limited,INE0LMW01024,NSE,Unclassified,Unclassified,CELLO.NS,IN,NSE_MAINBOARD
CEMPRO,Cemindia Projects Limited,INE686A01026,NSE,Unclassified,Unclassified,CEMPRO.NS,IN,NSE_MAINBOARD
CENTENKA,Century Enka Limited,INE485A01015,NSE,Unclassified,Unclassified,CENTENKA.NS,IN,NSE_MAINBOARD
CENTEXT,Century Extrusions Limited,INE281A01026,NSE,Unclassified,Unclassified,CENTEXT.NS,IN,NSE_MAINBOARD
CENTRALBK,Central Bank of India,INE483A01010,NSE,Unclassified,Unclassified,CENTRALBK.NS,IN,NSE_MAINBOARD
CENTRUM,Centrum Capital Limited,INE660C01027,NSE,Unclassified,Unclassified,CENTRUM.NS,IN,NSE_MAINBOARD
CENTUM,Centum Electronics Limited,INE320B01020,NSE,Unclassified,Unclassified,CENTUM.NS,IN,NSE_MAINBOARD
CENTURYPLY,Century Plyboards (India) Limited,INE348B01021,NSE,Unclassified,Unclassified,CENTURYPLY.NS,IN,NSE_MAINBOARD
CERA,Cera Sanitaryware Limited,INE739E01017,NSE,Unclassified,Unclassified,CERA.NS,IN,NSE_MAINBOARD
CEREBRAINT,Cerebra Integrated Technologies Limited,INE345B01019,NSE,Unclassified,Unclassified,CEREBRAINT.NS,IN,NSE_MAINBOARD
CESC,CESC Limited,INE486A01021,NSE,Unclassified,Unclassified,CESC.NS,IN,NSE_MAINBOARD
CEWATER,Concord Enviro Systems Limited,INE037Z01029,NSE,Unclassified,Unclassified,CEWATER.NS,IN,NSE_MAINBOARD
CGCL,Capri Global Capital Limited,INE180C01042,NSE,Unclassified,Unclassified,CGCL.NS,IN,NSE_MAINBOARD
CGPOWER,CG Power and Industrial Solutions Limited,INE067A01029,NSE,Capital Goods,Capital Goods,CGPOWER.NS,IN,NSE_MAINBOARD
CHALET,Chalet Hotels Limited,INE427F01016,NSE,Unclassified,Unclassified,CHALET.NS,IN,NSE_MAINBOARD
CHAMBLFERT,Chambal Fertilizers & Chemicals Limited,INE085A01013,NSE,Unclassified,Unclassified,CHAMBLFERT.NS,IN,NSE_MAINBOARD
CHEMBOND,Chembond Material Technologies Limited,INE995D01025,NSE,Unclassified,Unclassified,CHEMBOND.NS,IN,NSE_MAINBOARD
CHEMBONDCH,Chembond Chemicals Limited,INE0TGX01019,NSE,Unclassified,Unclassified,CHEMBONDCH.NS,IN,NSE_MAINBOARD
CHEMCON,Chemcon Speciality Chemicals Limited,INE03YM01018,NSE,Unclassified,Unclassified,CHEMCON.NS,IN,NSE_MAINBOARD
CHEMFAB,Chemfab Alkalis Limited,INE783X01023,NSE,Unclassified,Unclassified,CHEMFAB.NS,IN,NSE_MAINBOARD
CHEMPLASTS,Chemplast Sanmar Limited,INE488A01050,NSE,Unclassified,Unclassified,CHEMPLASTS.NS,IN,NSE_MAINBOARD
CHENNPETRO,Chennai Petroleum Corporation Limited,INE178A01016,NSE,Unclassified,Unclassified,CHENNPETRO.NS,IN,NSE_MAINBOARD
CHEVIOT,Cheviot Company Limited,INE974B01016,NSE,Unclassified,Unclassified,CHEVIOT.NS,IN,NSE_MAINBOARD
CHOICEIN,Choice International Limited,INE102B01014,NSE,Unclassified,Unclassified,CHOICEIN.NS,IN,NSE_MAINBOARD
CHOLAFIN,Cholamandalam Investment and Finance Company Limited,INE121A01024,NSE,Financial Services,Financial Services,CHOLAFIN.NS,IN,NSE_MAINBOARD
CHOLAHLDNG,Cholamandalam Financial Holdings Limited,INE149A01033,NSE,Unclassified,Unclassified,CHOLAHLDNG.NS,IN,NSE_MAINBOARD
CIEINDIA,CIE Automotive India Limited,INE536H01010,NSE,Unclassified,Unclassified,CIEINDIA.NS,IN,NSE_MAINBOARD
CIFL,Capital India Finance Limited,INE345H01024,NSE,Unclassified,Unclassified,CIFL.NS,IN,NSE_MAINBOARD
CINELINE,Cineline India Limited,INE704H01022,NSE,Unclassified,Unclassified,CINELINE.NS,IN,NSE_MAINBOARD
CINEVISTA,Cinevista Limited,INE039B01026,NSE,Unclassified,Unclassified,CINEVISTA.NS,IN,NSE_MAINBOARD
CIPLA,Cipla Limited,INE059A01026,NSE,Healthcare,Healthcare,CIPLA.NS,IN,NSE_MAINBOARD
CLEAN,Clean Science and Technology Limited,INE227W01023,NSE,Unclassified,Unclassified,CLEAN.NS,IN,NSE_MAINBOARD
CLEANMAX,Clean Max Enviro Energy Solutions Limited,INE647U01026,NSE,Unclassified,Unclassified,CLEANMAX.NS,IN,NSE_MAINBOARD
CLEDUCATE,CL Educate Limited,INE201M01029,NSE,Unclassified,Unclassified,CLEDUCATE.NS,IN,NSE_MAINBOARD
CLSEL,Chaman Lal Setia Exports Limited,INE419D01026,NSE,Unclassified,Unclassified,CLSEL.NS,IN,NSE_MAINBOARD
CMPDI,Central Mine Planning & Design Institute Limited,INE05HV01027,NSE,Unclassified,Unclassified,CMPDI.NS,IN,NSE_MAINBOARD
CMRGREEN,CMR Green Technologies Limited,INE00WV01027,NSE,Unclassified,Unclassified,CMRGREEN.NS,IN,NSE_MAINBOARD
CMSINFO,CMS Info Systems Limited,INE925R01014,NSE,Unclassified,Unclassified,CMSINFO.NS,IN,NSE_MAINBOARD
CNL,Creative Newtech Limited,INE985W01018,NSE,Unclassified,Unclassified,CNL.NS,IN,NSE_MAINBOARD
COALINDIA,Coal India Limited,INE522F01014,NSE,Oil Gas & Consumable Fuels,Oil Gas & Consumable Fuels,COALINDIA.NS,IN,NSE_MAINBOARD
COASTCORP,Coastal Corporation Limited,INE377E01024,NSE,Unclassified,Unclassified,COASTCORP.NS,IN,NSE_MAINBOARD
COCHINSHIP,Cochin Shipyard Limited,INE704P01025,NSE,Capital Goods,Capital Goods,COCHINSHIP.NS,IN,NSE_MAINBOARD
COCKERILL,John Cockerill India Limited,INE515A01019,NSE,Unclassified,Unclassified,COCKERILL.NS,IN,NSE_MAINBOARD
COFFEEDAY,Coffee Day Enterprises Limited,INE335K01011,NSE,Unclassified,Unclassified,COFFEEDAY.NS,IN,NSE_MAINBOARD
COFORGE,Coforge Limited,INE591G01025,NSE,Information Technology,Information Technology,COFORGE.NS,IN,NSE_MAINBOARD
COHANCE,Cohance Lifesciences Limited,INE03QK01018,NSE,Unclassified,Unclassified,COHANCE.NS,IN,NSE_MAINBOARD
COLPAL,Colgate Palmolive (India) Limited,INE259A01022,NSE,Fast Moving Consumer Goods,Fast Moving Consumer Goods,COLPAL.NS,IN,NSE_MAINBOARD
COMFINTE,Comfort Intech Limited,INE819A01049,NSE,Unclassified,Unclassified,COMFINTE.NS,IN,NSE_MAINBOARD
COMPINFO,Compuage Infocom Limited,INE070C01037,NSE,Unclassified,Unclassified,COMPINFO.NS,IN,NSE_MAINBOARD
COMPUSOFT,Compucom Software Limited,INE453B01029,NSE,Unclassified,Unclassified,COMPUSOFT.NS,IN,NSE_MAINBOARD
COMSYN,Commercial Syn Bags Limited,INE073V01015,NSE,Unclassified,Unclassified,COMSYN.NS,IN,NSE_MAINBOARD
CONCOR,Container Corporation of India Limited,INE111A01025,NSE,Services,Services,CONCOR.NS,IN,NSE_MAINBOARD
CONCORDBIO,Concord Biotech Limited,INE338H01029,NSE,Unclassified,Unclassified,CONCORDBIO.NS,IN,NSE_MAINBOARD
CONFIPET,Confidence Petroleum India Limited,INE552D01024,NSE,Unclassified,Unclassified,CONFIPET.NS,IN,NSE_MAINBOARD
CONSOFINVT,Consolidated Finvest & Holdings Limited,INE025A01027,NSE,Unclassified,Unclassified,CONSOFINVT.NS,IN,NSE_MAINBOARD
CONTROLPR,Control Print Limited,INE663B01015,NSE,Unclassified,Unclassified,CONTROLPR.NS,IN,NSE_MAINBOARD
CORALFINAC,Coral India Finance & Housing Limited,INE558D01021,NSE,Unclassified,Unclassified,CORALFINAC.NS,IN,NSE_MAINBOARD
CORDELIA,Waterways Leisure Tourism Limited,INE0LZF01013,NSE,Unclassified,Unclassified,CORDELIA.NS,IN,NSE_MAINBOARD
CORDSCABLE,Cords Cable Industries Limited,INE792I01017,NSE,Unclassified,Unclassified,CORDSCABLE.NS,IN,NSE_MAINBOARD
COROMANDEL,Coromandel International Limited,INE169A01031,NSE,Chemicals,Chemicals,COROMANDEL.NS,IN,NSE_MAINBOARD
CORONA,CORONA Remedies Limited,INE02ZQ01018,NSE,Unclassified,Unclassified,CORONA.NS,IN,NSE_MAINBOARD
COSMOFIRST,COSMO FIRST LIMITED,INE757A01017,NSE,Unclassified,Unclassified,COSMOFIRST.NS,IN,NSE_MAINBOARD
COUNCODOS,Country Condo's Limited,INE695B01025,NSE,Unclassified,Unclassified,COUNCODOS.NS,IN,NSE_MAINBOARD
CPCAP,CP Capital Limited,INE521J01018,NSE,Unclassified,Unclassified,CPCAP.NS,IN,NSE_MAINBOARD
CPEDU,Career Point Edutech Limited,INE0P6P01016,NSE,Unclassified,Unclassified,CPEDU.NS,IN,NSE_MAINBOARD
CPL,Captain Polyplast Limited,INE536P01021,NSE,Unclassified,Unclassified,CPL.NS,IN,NSE_MAINBOARD
CPPLUS,Aditya Infotech Limited,INE819V01029,NSE,Unclassified,Unclassified,CPPLUS.NS,IN,NSE_MAINBOARD
CRAFTSMAN,Craftsman Automation Limited,INE00LO01017,NSE,Unclassified,Unclassified,CRAFTSMAN.NS,IN,NSE_MAINBOARD
CRAMC,Canara Robeco Asset Management Company Limited,INE218I01013,NSE,Unclassified,Unclassified,CRAMC.NS,IN,NSE_MAINBOARD
CREATIVEYE,Creative Eye Limited,INE230B01021,NSE,Unclassified,Unclassified,CREATIVEYE.NS,IN,NSE_MAINBOARD
CREDITACC,CREDITACCESS GRAMEEN LIMITED,INE741K01010,NSE,Unclassified,Unclassified,CREDITACC.NS,IN,NSE_MAINBOARD
CREST,Crest Ventures Limited,INE559D01011,NSE,Unclassified,Unclassified,CREST.NS,IN,NSE_MAINBOARD
CRISIL,Crisil Limited,INE007A01025,NSE,Unclassified,Unclassified,CRISIL.NS,IN,NSE_MAINBOARD
CRIZAC,Crizac Limited,INE0S4R01014,NSE,Unclassified,Unclassified,CRIZAC.NS,IN,NSE_MAINBOARD
CROMPTON,Crompton Greaves Consumer Electricals Limited,INE299U01018,NSE,Unclassified,Unclassified,CROMPTON.NS,IN,NSE_MAINBOARD
CROWN,Crown Lifters Limited,INE491V01019,NSE,Unclassified,Unclassified,CROWN.NS,IN,NSE_MAINBOARD
CSBBANK,CSB Bank Limited,INE679A01013,NSE,Unclassified,Unclassified,CSBBANK.NS,IN,NSE_MAINBOARD
CSLFINANCE,CSL Finance Limited,INE718F01018,NSE,Unclassified,Unclassified,CSLFINANCE.NS,IN,NSE_MAINBOARD
CSM,CSM Technologies Limited,INE0ZK601013,NSE,Unclassified,Unclassified,CSM.NS,IN,NSE_MAINBOARD
CTE,Cambridge Technology Enterprises Limited,INE627H01017,NSE,Unclassified,Unclassified,CTE.NS,IN,NSE_MAINBOARD
CUB,City Union Bank Limited,INE491A01021,NSE,Unclassified,Unclassified,CUB.NS,IN,NSE_MAINBOARD
CUBEXTUB,Cubex Tubings Limited,INE144D01012,NSE,Unclassified,Unclassified,CUBEXTUB.NS,IN,NSE_MAINBOARD
CUMMINSIND,Cummins India Limited,INE298A01020,NSE,Capital Goods,Capital Goods,CUMMINSIND.NS,IN,NSE_MAINBOARD
CUPID,Cupid Limited,INE509F01029,NSE,Unclassified,Unclassified,CUPID.NS,IN,NSE_MAINBOARD
CURAA,Cura Technologies Limited,INE117B01020,NSE,Unclassified,Unclassified,CURAA.NS,IN,NSE_MAINBOARD
CYBERMEDIA,Cyber Media (India) Limited,INE278G01037,NSE,Unclassified,Unclassified,CYBERMEDIA.NS,IN,NSE_MAINBOARD
CYBERTECH,Cybertech Systems And Software Limited,INE214A01019,NSE,Unclassified,Unclassified,CYBERTECH.NS,IN,NSE_MAINBOARD
CYIENT,Cyient Limited,INE136B01020,NSE,Unclassified,Unclassified,CYIENT.NS,IN,NSE_MAINBOARD
CYIENTDLM,Cyient DLM Limited,INE055S01018,NSE,Unclassified,Unclassified,CYIENTDLM.NS,IN,NSE_MAINBOARD
DABUR,Dabur India Limited,INE016A01026,NSE,Fast Moving Consumer Goods,Fast Moving Consumer Goods,DABUR.NS,IN,NSE_MAINBOARD
DAICHI,Dai-Ichi Karkaria Limited,INE928C01010,NSE,Unclassified,Unclassified,DAICHI.NS,IN,NSE_MAINBOARD
DALBHARAT,Dalmia Bharat Limited,INE00R701025,NSE,Unclassified,Unclassified,DALBHARAT.NS,IN,NSE_MAINBOARD
DALMIASUG,Dalmia Bharat Sugar and Industries Limited,INE495A01022,NSE,Unclassified,Unclassified,DALMIASUG.NS,IN,NSE_MAINBOARD
DAMCAPITAL,Dam Capital Advisors Limited,INE284H01025,NSE,Unclassified,Unclassified,DAMCAPITAL.NS,IN,NSE_MAINBOARD
DAMODARIND,Damodar Industries Limited,INE497D01022,NSE,Unclassified,Unclassified,DAMODARIND.NS,IN,NSE_MAINBOARD
DANGEE,Dangee Dums Limited,INE688Y01022,NSE,Unclassified,Unclassified,DANGEE.NS,IN,NSE_MAINBOARD
DATAMATICS,Datamatics Global Services Limited,INE365B01017,NSE,Unclassified,Unclassified,DATAMATICS.NS,IN,NSE_MAINBOARD
DATAPATTNS,Data Patterns (India) Limited,INE0IX101010,NSE,Unclassified,Unclassified,DATAPATTNS.NS,IN,NSE_MAINBOARD
DAVANGERE,Davangere Sugar Company Limited,INE179G01029,NSE,Unclassified,Unclassified,DAVANGERE.NS,IN,NSE_MAINBOARD
DBCORP,D.B.Corp Limited,INE950I01011,NSE,Unclassified,Unclassified,DBCORP.NS,IN,NSE_MAINBOARD
DBEIL,Deepak Builders & Engineers India Limited,INE0OPA01027,NSE,Unclassified,Unclassified,DBEIL.NS,IN,NSE_MAINBOARD
DBL,Dilip Buildcon Limited,INE917M01012,NSE,Unclassified,Unclassified,DBL.NS,IN,NSE_MAINBOARD
DBOL,Dhampur Bio Organics Limited,INE0I3401014,NSE,Unclassified,Unclassified,DBOL.NS,IN,NSE_MAINBOARD
DBREALTY,Valor Estate Limited,INE879I01012,NSE,Unclassified,Unclassified,DBREALTY.NS,IN,NSE_MAINBOARD
DBSTOCKBRO,DB (International) Stock Brokers Limited,INE921B01025,NSE,Unclassified,Unclassified,DBSTOCKBRO.NS,IN,NSE_MAINBOARD
DCAL,Dishman Carbogen Amcis Limited,INE385W01011,NSE,Unclassified,Unclassified,DCAL.NS,IN,NSE_MAINBOARD
DCBBANK,DCB Bank Limited,INE503A01015,NSE,Unclassified,Unclassified,DCBBANK.NS,IN,NSE_MAINBOARD
DCI,Dc Infotech And Communication Limited,INE0A1101019,NSE,Unclassified,Unclassified,DCI.NS,IN,NSE_MAINBOARD
DCM,DCM  Limited,INE498A01018,NSE,Unclassified,Unclassified,DCM.NS,IN,NSE_MAINBOARD
DCMFINSERV,DCM Financial Services Limited,INE891B01012,NSE,Unclassified,Unclassified,DCMFINSERV.NS,IN,NSE_MAINBOARD
DCMNVL,DCM Nouvelle Limited,INE08KP01019,NSE,Unclassified,Unclassified,DCMNVL.NS,IN,NSE_MAINBOARD
DCMSHRIRAM,DCM Shriram Limited,INE499A01024,NSE,Unclassified,Unclassified,DCMSHRIRAM.NS,IN,NSE_MAINBOARD
DCMSIL,DCM Shriram International Limited,INE0OU201013,NSE,Unclassified,Unclassified,DCMSIL.NS,IN,NSE_MAINBOARD
DCMSRIND,DCM Shriram Industries Limited,INE843D01027,NSE,Unclassified,Unclassified,DCMSRIND.NS,IN,NSE_MAINBOARD
DCW,DCW Limited,INE500A01029,NSE,Unclassified,Unclassified,DCW.NS,IN,NSE_MAINBOARD
DCXINDIA,DCX Systems Limited,INE0KL801015,NSE,Unclassified,Unclassified,DCXINDIA.NS,IN,NSE_MAINBOARD
DDEVPLSTIK,Ddev Plastiks Industries Limited,INE0HR601026,NSE,Unclassified,Unclassified,DDEVPLSTIK.NS,IN,NSE_MAINBOARD
DECCANCE,Deccan Cements Limited,INE583C01021,NSE,Unclassified,Unclassified,DECCANCE.NS,IN,NSE_MAINBOARD
DECNGOLD,Deccan Gold Mines Limited,INE945F01025,NSE,Unclassified,Unclassified,DECNGOLD.NS,IN,NSE_MAINBOARD
DEEDEV,DEE Development Engineers Limited,INE841L01016,NSE,Unclassified,Unclassified,DEEDEV.NS,IN,NSE_MAINBOARD
DEEPAKFERT,Deepak Fertilizers and Petrochemicals Corporation Limited,INE501A01019,NSE,Unclassified,Unclassified,DEEPAKFERT.NS,IN,NSE_MAINBOARD
DEEPAKNTR,Deepak Nitrite Limited,INE288B01029,NSE,Unclassified,Unclassified,DEEPAKNTR.NS,IN,NSE_MAINBOARD
DEEPINDS,Deep Industries Limited,INE0FHS01024,NSE,Unclassified,Unclassified,DEEPINDS.NS,IN,NSE_MAINBOARD
DELHIVERY,Delhivery Limited,INE148O01028,NSE,Unclassified,Unclassified,DELHIVERY.NS,IN,NSE_MAINBOARD
DELPHIFX,DELPHI WORLD MONEY LIMITED,INE726L01027,NSE,Unclassified,Unclassified,DELPHIFX.NS,IN,NSE_MAINBOARD
DELTACORP,Delta Corp Limited,INE124G01033,NSE,Unclassified,Unclassified,DELTACORP.NS,IN,NSE_MAINBOARD
DELTAMAGNT,Delta Manufacturing Limited,INE393A01011,NSE,Unclassified,Unclassified,DELTAMAGNT.NS,IN,NSE_MAINBOARD
DEN,Den Networks Limited,INE947J01015,NSE,Unclassified,Unclassified,DEN.NS,IN,NSE_MAINBOARD
DENORA,De Nora India Limited,INE244A01016,NSE,Unclassified,Unclassified,DENORA.NS,IN,NSE_MAINBOARD
DENTA,Denta Water and Infra Solutions Limited,INE0R4L01018,NSE,Unclassified,Unclassified,DENTA.NS,IN,NSE_MAINBOARD
DEVIT,Dev Information Technology Limited,INE060X01034,NSE,Unclassified,Unclassified,DEVIT.NS,IN,NSE_MAINBOARD
DEVX,Dev Accelerator Limited,INE0VOV01021,NSE,Unclassified,Unclassified,DEVX.NS,IN,NSE_MAINBOARD
DEVYANI,Devyani International Limited,INE872J01023,NSE,Unclassified,Unclassified,DEVYANI.NS,IN,NSE_MAINBOARD
DGCONTENT,Digicontent Limited,INE03JI01017,NSE,Unclassified,Unclassified,DGCONTENT.NS,IN,NSE_MAINBOARD
DHAMPURSUG,Dhampur Sugar Mills Limited,INE041A01016,NSE,Unclassified,Unclassified,DHAMPURSUG.NS,IN,NSE_MAINBOARD
DHANBANK,Dhanlaxmi Bank Limited,INE680A01011,NSE,Unclassified,Unclassified,DHANBANK.NS,IN,NSE_MAINBOARD
DHANUKA,Dhanuka Agritech Limited,INE435G01025,NSE,Unclassified,Unclassified,DHANUKA.NS,IN,NSE_MAINBOARD
DHARAN,DHARAN INFRA-EPC LIMITED,INE278R01034,NSE,Unclassified,Unclassified,DHARAN.NS,IN,NSE_MAINBOARD
DHARMAJ,Dharmaj Crop Guard Limited,INE00OQ01016,NSE,Unclassified,Unclassified,DHARMAJ.NS,IN,NSE_MAINBOARD
DHRUV,Dhruv Consultancy Services Limited,INE506Z01015,NSE,Unclassified,Unclassified,DHRUV.NS,IN,NSE_MAINBOARD
DHUNINV,Dhunseri Investments Limited,INE320L01011,NSE,Unclassified,Unclassified,DHUNINV.NS,IN,NSE_MAINBOARD
DIACABS,Diamond Power Infrastructure Limited,INE989C01038,NSE,Unclassified,Unclassified,DIACABS.NS,IN,NSE_MAINBOARD
DIAMINESQ,Diamines & Chemicals Limited,INE591D01014,NSE,Unclassified,Unclassified,DIAMINESQ.NS,IN,NSE_MAINBOARD
DIAMONDYD,Prataap Snacks Limited,INE393P01035,NSE,Unclassified,Unclassified,DIAMONDYD.NS,IN,NSE_MAINBOARD
DICIND,DIC India Limited,INE303A01010,NSE,Unclassified,Unclassified,DICIND.NS,IN,NSE_MAINBOARD
DIFFNKG,Diffusion Engineers Limited,INE184O01015,NSE,Unclassified,Unclassified,DIFFNKG.NS,IN,NSE_MAINBOARD
DIGIDRIVE,Digidrive Distributors Limited,INE0PSC01024,NSE,Unclassified,Unclassified,DIGIDRIVE.NS,IN,NSE_MAINBOARD
DIGISPICE,DiGiSPICE Technologies Limited,INE927C01020,NSE,Unclassified,Unclassified,DIGISPICE.NS,IN,NSE_MAINBOARD
DIGITIDE,Digitide Solutions Limited,INE0U4701011,NSE,Unclassified,Unclassified,DIGITIDE.NS,IN,NSE_MAINBOARD
DIGJAMLMTD,Digjam Limited,INE731U01028,NSE,Unclassified,Unclassified,DIGJAMLMTD.NS,IN,NSE_MAINBOARD
DISAQ,Disa India Limited,INE131C01011,NSE,Unclassified,Unclassified,DISAQ.NS,IN,NSE_MAINBOARD
DISHTV,Dish TV India Limited,INE836F01026,NSE,Unclassified,Unclassified,DISHTV.NS,IN,NSE_MAINBOARD
DIVGIITTS,Divgi Torqtransfer Systems Limited,INE753U01022,NSE,Unclassified,Unclassified,DIVGIITTS.NS,IN,NSE_MAINBOARD
DIVISLAB,Divi's Laboratories Limited,INE361B01024,NSE,Healthcare,Healthcare,DIVISLAB.NS,IN,NSE_MAINBOARD
DIXON,Dixon Technologies (India) Limited,INE935N01020,NSE,Consumer Durables,Consumer Durables,DIXON.NS,IN,NSE_MAINBOARD
DJML,DJ Mediaprint & Logistics Limited,INE0B1K01014,NSE,Unclassified,Unclassified,DJML.NS,IN,NSE_MAINBOARD
DLF,DLF Limited,INE271C01023,NSE,Realty,Realty,DLF.NS,IN,NSE_MAINBOARD
DLINKINDIA,D-Link (India) Limited,INE250K01012,NSE,Unclassified,Unclassified,DLINKINDIA.NS,IN,NSE_MAINBOARD
DMART,Avenue Supermarts Limited,INE192R01011,NSE,Consumer Services,Consumer Services,DMART.NS,IN,NSE_MAINBOARD
DMCC,DMCC SPECIALITY CHEMICALS LIMITED,INE505A01010,NSE,Unclassified,Unclassified,DMCC.NS,IN,NSE_MAINBOARD
DNAMEDIA,Diligent Media Corporation Limited,INE016M01021,NSE,Unclassified,Unclassified,DNAMEDIA.NS,IN,NSE_MAINBOARD
DODLA,Dodla Dairy Limited,INE021O01019,NSE,Unclassified,Unclassified,DODLA.NS,IN,NSE_MAINBOARD
DOLATALGO,Dolat Algotech Limited,INE966A01022,NSE,Unclassified,Unclassified,DOLATALGO.NS,IN,NSE_MAINBOARD
DOLLAR,Dollar Industries Limited,INE325C01035,NSE,Unclassified,Unclassified,DOLLAR.NS,IN,NSE_MAINBOARD
DOLPHIN,Dolphin Offshore Enterprises (India) Limited,INE920A01037,NSE,Unclassified,Unclassified,DOLPHIN.NS,IN,NSE_MAINBOARD
DOMS,DOMS Industries Limited,INE321T01012,NSE,Unclassified,Unclassified,DOMS.NS,IN,NSE_MAINBOARD
DONEAR,Donear Industries Limited,INE668D01028,NSE,Unclassified,Unclassified,DONEAR.NS,IN,NSE_MAINBOARD
DPABHUSHAN,D. P. Abhushan Limited,INE266Y01019,NSE,Unclassified,Unclassified,DPABHUSHAN.NS,IN,NSE_MAINBOARD
DPSCLTD,DPSC Limited,INE360C01024,NSE,Unclassified,Unclassified,DPSCLTD.NS,IN,NSE_MAINBOARD
DPWIRES,D P Wires Limited,INE864X01013,NSE,Unclassified,Unclassified,DPWIRES.NS,IN,NSE_MAINBOARD
DRAGARWQ,Dr Agarwals Eye Hospital Limited,INE934C01018,NSE,Unclassified,Unclassified,DRAGARWQ.NS,IN,NSE_MAINBOARD
DRCSYSTEMS,DRC Systems India Limited,INE03RS01027,NSE,Unclassified,Unclassified,DRCSYSTEMS.NS,IN,NSE_MAINBOARD
DREAMFOLKS,Dreamfolks Services Limited,INE0JS101016,NSE,Unclassified,Unclassified,DREAMFOLKS.NS,IN,NSE_MAINBOARD
DREDGECORP,Dredging Corporation of India Limited,INE506A01018,NSE,Unclassified,Unclassified,DREDGECORP.NS,IN,NSE_MAINBOARD
DRREDDY,Dr. Reddy's Laboratories Limited,INE089A01031,NSE,Healthcare,Healthcare,DRREDDY.NS,IN,NSE_MAINBOARD
DSFCL,DCM Shriram Fine Chemicals Limited,INE0OFM01015,NSE,Unclassified,Unclassified,DSFCL.NS,IN,NSE_MAINBOARD
DSSL,Dynacons Systems & Solutions Limited,INE417B01040,NSE,Unclassified,Unclassified,DSSL.NS,IN,NSE_MAINBOARD
DTIL,Dhunseri Tea & Industries Limited,INE341R01014,NSE,Unclassified,Unclassified,DTIL.NS,IN,NSE_MAINBOARD
DUCON,Ducon Infratechnologies Limited,INE741L01018,NSE,Unclassified,Unclassified,DUCON.NS,IN,NSE_MAINBOARD
DVL,Dhunseri Ventures Limited,INE477B01010,NSE,Unclassified,Unclassified,DVL.NS,IN,NSE_MAINBOARD
DWARKESH,Dwarikesh Sugar Industries Limited,INE366A01041,NSE,Unclassified,Unclassified,DWARKESH.NS,IN,NSE_MAINBOARD
DYCL,Dynamic Cables Limited,INE600Y01019,NSE,Unclassified,Unclassified,DYCL.NS,IN,NSE_MAINBOARD
DYNAMATECH,Dynamatic Technologies Limited,INE221B01012,NSE,Unclassified,Unclassified,DYNAMATECH.NS,IN,NSE_MAINBOARD
DYNPRO,Dynemic Products Limited,INE256H01015,NSE,Unclassified,Unclassified,DYNPRO.NS,IN,NSE_MAINBOARD
E2E,E2E Networks Limited,INE255Z01027,NSE,Unclassified,Unclassified,E2E.NS,IN,NSE_MAINBOARD
EASEMYTRIP,Easy Trip Planners Limited,INE07O001026,NSE,Unclassified,Unclassified,EASEMYTRIP.NS,IN,NSE_MAINBOARD
EASTSILK,Eastern Silk Industries Limited,INE962C01035,NSE,Unclassified,Unclassified,EASTSILK.NS,IN,NSE_MAINBOARD
EBGNG,GNG Electronics Limited,INE18JU01028,NSE,Unclassified,Unclassified,EBGNG.NS,IN,NSE_MAINBOARD
ECLERX,eClerx Services Limited,INE738I01010,NSE,Unclassified,Unclassified,ECLERX.NS,IN,NSE_MAINBOARD
ECOSMOBLTY,Ecos (India) Mobility & Hospitality Limited,INE06HJ01020,NSE,Unclassified,Unclassified,ECOSMOBLTY.NS,IN,NSE_MAINBOARD
EDELWEISS,Edelweiss Financial Services Limited,INE532F01054,NSE,Unclassified,Unclassified,EDELWEISS.NS,IN,NSE_MAINBOARD
EFCIL,EFC (I) Limited,INE886D01026,NSE,Unclassified,Unclassified,EFCIL.NS,IN,NSE_MAINBOARD
EICHERMOT,Eicher Motors Limited,INE066A01021,NSE,Automobile and Auto Components,Automobile and Auto Components,EICHERMOT.NS,IN,NSE_MAINBOARD
EIDPARRY,EID Parry India Limited,INE126A01031,NSE,Unclassified,Unclassified,EIDPARRY.NS,IN,NSE_MAINBOARD
EIEL,Enviro Infra Engineers Limited,INE0LLY01014,NSE,Unclassified,Unclassified,EIEL.NS,IN,NSE_MAINBOARD
EIFFL,Euro India Fresh Foods Limited,INE546V01010,NSE,Unclassified,Unclassified,EIFFL.NS,IN,NSE_MAINBOARD
EIHAHOTELS,EIH Associated Hotels Limited,INE276C01014,NSE,Unclassified,Unclassified,EIHAHOTELS.NS,IN,NSE_MAINBOARD
EIHOTEL,EIH Limited,INE230A01023,NSE,Unclassified,Unclassified,EIHOTEL.NS,IN,NSE_MAINBOARD
EIMCOELECO,Eimco Elecon (India) Limited,INE158B01016,NSE,Unclassified,Unclassified,EIMCOELECO.NS,IN,NSE_MAINBOARD
EKC,Everest Kanto Cylinder Limited,INE184H01027,NSE,Unclassified,Unclassified,EKC.NS,IN,NSE_MAINBOARD
ELANTAS,Elantas Beck India Limited,INE280B01018,NSE,Unclassified,Unclassified,ELANTAS.NS,IN,NSE_MAINBOARD
ELCIDIN,EL CID Investments Limited,INE927X01018,NSE,Unclassified,Unclassified,ELCIDIN.NS,IN,NSE_MAINBOARD
ELDEHSG,Eldeco Housing And Industries Limited,INE668G01021,NSE,Unclassified,Unclassified,ELDEHSG.NS,IN,NSE_MAINBOARD
ELECON,Elecon Engineering Company Limited,INE205B01031,NSE,Unclassified,Unclassified,ELECON.NS,IN,NSE_MAINBOARD
ELECTCAST,Electrosteel Castings Limited,INE086A01029,NSE,Unclassified,Unclassified,ELECTCAST.NS,IN,NSE_MAINBOARD
ELECTHERM,Electrotherm (India) Limited,INE822G01016,NSE,Unclassified,Unclassified,ELECTHERM.NS,IN,NSE_MAINBOARD
ELGIEQUIP,Elgi Equipments Limited,INE285A01027,NSE,Unclassified,Unclassified,ELGIEQUIP.NS,IN,NSE_MAINBOARD
ELGIRUBCO,Elgi Rubber Company Limited,INE819L01012,NSE,Unclassified,Unclassified,ELGIRUBCO.NS,IN,NSE_MAINBOARD
ELIN,Elin Electronics Limited,INE050401020,NSE,Unclassified,Unclassified,ELIN.NS,IN,NSE_MAINBOARD
ELITECON,Elitecon International Limited,INE669R01026,NSE,Unclassified,Unclassified,ELITECON.NS,IN,NSE_MAINBOARD
ELLEN,Ellenbarrie Industrial Gases Limited,INE236E01022,NSE,Unclassified,Unclassified,ELLEN.NS,IN,NSE_MAINBOARD
ELPROINTL,Elpro International Limited,INE579B01039,NSE,Unclassified,Unclassified,ELPROINTL.NS,IN,NSE_MAINBOARD
EMAMILTD,Emami Limited,INE548C01032,NSE,Unclassified,Unclassified,EMAMILTD.NS,IN,NSE_MAINBOARD
EMAMIPAP,Emami Paper Mills Limited,INE830C01026,NSE,Unclassified,Unclassified,EMAMIPAP.NS,IN,NSE_MAINBOARD
EMAMIREAL,Emami Realty Limited,INE778K01012,NSE,Unclassified,Unclassified,EMAMIREAL.NS,IN,NSE_MAINBOARD
EMBDL,Embassy Developments Limited,INE069I01010,NSE,Unclassified,Unclassified,EMBDL.NS,IN,NSE_MAINBOARD
EMCURE,Emcure Pharmaceuticals Limited,INE168P01015,NSE,Unclassified,Unclassified,EMCURE.NS,IN,NSE_MAINBOARD
EMIL,Electronics Mart India Limited,INE02YR01019,NSE,Unclassified,Unclassified,EMIL.NS,IN,NSE_MAINBOARD
EMKAY,Emkay Global Financial Services Limited,INE296H01011,NSE,Unclassified,Unclassified,EMKAY.NS,IN,NSE_MAINBOARD
EMMBI,Emmbi Industries Limited,INE753K01015,NSE,Unclassified,Unclassified,EMMBI.NS,IN,NSE_MAINBOARD
EMMVEE,Emmvee Photovoltaic Power Limited,INE1C6T01020,NSE,Unclassified,Unclassified,EMMVEE.NS,IN,NSE_MAINBOARD
EMPOWER,Empower India Limited,INE507F01023,NSE,Unclassified,Unclassified,EMPOWER.NS,IN,NSE_MAINBOARD
EMSLIMITED,EMS Limited,INE0OV601013,NSE,Unclassified,Unclassified,EMSLIMITED.NS,IN,NSE_MAINBOARD
EMUDHRA,eMudhra Limited,INE01QM01018,NSE,Unclassified,Unclassified,EMUDHRA.NS,IN,NSE_MAINBOARD
ENDURANCE,Endurance Technologies Limited,INE913H01037,NSE,Unclassified,Unclassified,ENDURANCE.NS,IN,NSE_MAINBOARD
ENERGYDEV,Energy Development Company Limited,INE306C01019,NSE,Unclassified,Unclassified,ENERGYDEV.NS,IN,NSE_MAINBOARD
ENGINERSIN,Engineers India Limited,INE510A01028,NSE,Unclassified,Unclassified,ENGINERSIN.NS,IN,NSE_MAINBOARD
ENIL,Entertainment Network (India) Limited,INE265F01028,NSE,Unclassified,Unclassified,ENIL.NS,IN,NSE_MAINBOARD
ENRIN,Siemens Energy India Limited,INE1NPP01017,NSE,Capital Goods,Capital Goods,ENRIN.NS,IN,NSE_MAINBOARD
ENTERO,Entero Healthcare Solutions Limited,INE010601016,NSE,Unclassified,Unclassified,ENTERO.NS,IN,NSE_MAINBOARD
EPACK,EPACK Durable Limited,INE0G5901015,NSE,Unclassified,Unclassified,EPACK.NS,IN,NSE_MAINBOARD
EPACKPEB,EPack Prefab Technologies Limited,INE0MLS01022,NSE,Unclassified,Unclassified,EPACKPEB.NS,IN,NSE_MAINBOARD
EPIGRAL,Epigral Limited,INE071N01016,NSE,Unclassified,Unclassified,EPIGRAL.NS,IN,NSE_MAINBOARD
EPL,EPL Limited,INE255A01020,NSE,Unclassified,Unclassified,EPL.NS,IN,NSE_MAINBOARD
EQUIPPP,Equippp Social Impact Technologies Limited,INE217G01035,NSE,Unclassified,Unclassified,EQUIPPP.NS,IN,NSE_MAINBOARD
EQUITASBNK,Equitas Small Finance Bank Limited,INE063P01018,NSE,Unclassified,Unclassified,EQUITASBNK.NS,IN,NSE_MAINBOARD
ERIS,Eris Lifesciences Limited,INE406M01024,NSE,Unclassified,Unclassified,ERIS.NS,IN,NSE_MAINBOARD
ESABINDIA,Esab India Limited,INE284A01012,NSE,Unclassified,Unclassified,ESABINDIA.NS,IN,NSE_MAINBOARD
ESAFSFB,ESAF Small Finance Bank Limited,INE818W01011,NSE,Unclassified,Unclassified,ESAFSFB.NS,IN,NSE_MAINBOARD
ESCORTS,Escorts Kubota Limited,INE042A01014,NSE,Unclassified,Unclassified,ESCORTS.NS,IN,NSE_MAINBOARD
ESSARSHPNG,Essar Shipping Limited,INE122M01019,NSE,Unclassified,Unclassified,ESSARSHPNG.NS,IN,NSE_MAINBOARD
ESSENTIA,Integra Essentia Limited,INE418N01035,NSE,Unclassified,Unclassified,ESSENTIA.NS,IN,NSE_MAINBOARD
ESTER,Ester Industries Limited,INE778B01029,NSE,Unclassified,Unclassified,ESTER.NS,IN,NSE_MAINBOARD
ETERNAL,ETERNAL LIMITED,INE758T01015,NSE,Consumer Services,Consumer Services,ETERNAL.NS,IN,NSE_MAINBOARD
ETHOSLTD,Ethos Limited,INE04TZ01018,NSE,Unclassified,Unclassified,ETHOSLTD.NS,IN,NSE_MAINBOARD
EUREKAFORB,Eureka Forbes Limited,INE0KCE01017,NSE,Unclassified,Unclassified,EUREKAFORB.NS,IN,NSE_MAINBOARD
EUROBOND,Euro Panel Products Limited,INE505V01016,NSE,Unclassified,Unclassified,EUROBOND.NS,IN,NSE_MAINBOARD
EUROPRATIK,Euro Pratik Sales Limited,INE198501012,NSE,Unclassified,Unclassified,EUROPRATIK.NS,IN,NSE_MAINBOARD
EUROTEXIND,Eurotex Industries and Exports Limited,INE022C01012,NSE,Unclassified,Unclassified,EUROTEXIND.NS,IN,NSE_MAINBOARD
EVEREADY,Eveready Industries India Limited,INE128A01029,NSE,Unclassified,Unclassified,EVEREADY.NS,IN,NSE_MAINBOARD
EVERESTIND,Everest Industries Limited,INE295A01018,NSE,Unclassified,Unclassified,EVERESTIND.NS,IN,NSE_MAINBOARD
EXCELINDUS,Excel Industries Limited,INE369A01029,NSE,Unclassified,Unclassified,EXCELINDUS.NS,IN,NSE_MAINBOARD
EXCELSOFT,Excelsoft Technologies Limited,INE606N01019,NSE,Unclassified,Unclassified,EXCELSOFT.NS,IN,NSE_MAINBOARD
EXICOM,Exicom Tele-Systems Limited,INE777F01014,NSE,Unclassified,Unclassified,EXICOM.NS,IN,NSE_MAINBOARD
EXIDEIND,Exide Industries Limited,INE302A01020,NSE,Automobile and Auto Components,Automobile and Auto Components,EXIDEIND.NS,IN,NSE_MAINBOARD
EXPLEOSOL,Expleo Solutions Limited,INE201K01015,NSE,Unclassified,Unclassified,EXPLEOSOL.NS,IN,NSE_MAINBOARD
EXXARO,Exxaro Tiles Limited,INE0GFE01026,NSE,Unclassified,Unclassified,EXXARO.NS,IN,NSE_MAINBOARD
FABTECH,Fabtech Technologies Limited,INE0HF201011,NSE,Unclassified,Unclassified,FABTECH.NS,IN,NSE_MAINBOARD
FACT,Fertilizers and Chemicals Travancore Limited,INE188A01015,NSE,Unclassified,Unclassified,FACT.NS,IN,NSE_MAINBOARD
FAIRCHEMOR,Fairchem Organics Limited,INE0DNW01011,NSE,Unclassified,Unclassified,FAIRCHEMOR.NS,IN,NSE_MAINBOARD
FAZE3Q,Faze Three Limited,INE963C01033,NSE,Unclassified,Unclassified,FAZE3Q.NS,IN,NSE_MAINBOARD
FCL,Fineotex Chemical Limited,INE045J01034,NSE,Unclassified,Unclassified,FCL.NS,IN,NSE_MAINBOARD
FCSSOFT,FCS Software Solutions Limited,INE512B01022,NSE,Unclassified,Unclassified,FCSSOFT.NS,IN,NSE_MAINBOARD
FDC,FDC Limited,INE258B01022,NSE,Unclassified,Unclassified,FDC.NS,IN,NSE_MAINBOARD
FEDDERSHOL,Fedders Holding Limited,INE417D01020,NSE,Unclassified,Unclassified,FEDDERSHOL.NS,IN,NSE_MAINBOARD
FEDERALBNK,The Federal Bank  Limited,INE171A01029,NSE,Financial Services,Financial Services,FEDERALBNK.NS,IN,NSE_MAINBOARD
FEDFINA,Fedbank Financial Services Limited,INE007N01010,NSE,Unclassified,Unclassified,FEDFINA.NS,IN,NSE_MAINBOARD
FEL,Future Enterprises Limited,INE623B01027,NSE,Unclassified,Unclassified,FEL.NS,IN,NSE_MAINBOARD
FELDVR,Future Enterprises Limited,IN9623B01058,NSE,Unclassified,Unclassified,FELDVR.NS,IN,NSE_MAINBOARD
FERMENTA,Fermenta Biotech Limited,INE225B01021,NSE,Unclassified,Unclassified,FERMENTA.NS,IN,NSE_MAINBOARD
FIBERWEB,Fiberweb (India) Limited,INE296C01020,NSE,Unclassified,Unclassified,FIBERWEB.NS,IN,NSE_MAINBOARD
FIEMIND,Fiem Industries Limited,INE737H01014,NSE,Unclassified,Unclassified,FIEMIND.NS,IN,NSE_MAINBOARD
FILATEX,Filatex India Limited,INE816B01035,NSE,Unclassified,Unclassified,FILATEX.NS,IN,NSE_MAINBOARD
FILATFASH,Filatex Fashions Limited,INE185E01021,NSE,Unclassified,Unclassified,FILATFASH.NS,IN,NSE_MAINBOARD
FINCABLES,Finolex Cables Limited,INE235A01022,NSE,Unclassified,Unclassified,FINCABLES.NS,IN,NSE_MAINBOARD
FINEORG,Fine Organic Industries Limited,INE686Y01026,NSE,Unclassified,Unclassified,FINEORG.NS,IN,NSE_MAINBOARD
FINKURVE,Finkurve Financial Services Limited,INE734I01027,NSE,Unclassified,Unclassified,FINKURVE.NS,IN,NSE_MAINBOARD
FINOPB,Fino Payments Bank Limited,INE02NC01014,NSE,Unclassified,Unclassified,FINOPB.NS,IN,NSE_MAINBOARD
FINPIPE,Finolex Industries Limited,INE183A01024,NSE,Unclassified,Unclassified,FINPIPE.NS,IN,NSE_MAINBOARD
FIRSTCRY,Brainbees Solutions Limited,INE02RE01045,NSE,Unclassified,Unclassified,FIRSTCRY.NS,IN,NSE_MAINBOARD
FISCHER,Fischer Medical Ventures Limited,INE771F01041,NSE,Unclassified,Unclassified,FISCHER.NS,IN,NSE_MAINBOARD
FIVESTAR,Five-Star Business Finance Limited,INE128S01021,NSE,Unclassified,Unclassified,FIVESTAR.NS,IN,NSE_MAINBOARD
FLAIR,Flair Writing Industries Limited,INE00Y201027,NSE,Unclassified,Unclassified,FLAIR.NS,IN,NSE_MAINBOARD
FLEXITUFF,Flexituff Ventures International Limited,INE060J01017,NSE,Unclassified,Unclassified,FLEXITUFF.NS,IN,NSE_MAINBOARD
FLFL,Future Lifestyle Fashions Limited,INE452O01016,NSE,Unclassified,Unclassified,FLFL.NS,IN,NSE_MAINBOARD
FLUOROCHEM,Gujarat Fluorochemicals Limited,INE09N301011,NSE,Unclassified,Unclassified,FLUOROCHEM.NS,IN,NSE_MAINBOARD
FMGOETZE,Federal-Mogul Goetze (India) Limited.,INE529A01010,NSE,Unclassified,Unclassified,FMGOETZE.NS,IN,NSE_MAINBOARD
FMNL,Future Market Networks Limited,INE360L01017,NSE,Unclassified,Unclassified,FMNL.NS,IN,NSE_MAINBOARD
FOCUS,Focus Lighting and Fixtures Limited,INE593W01028,NSE,Unclassified,Unclassified,FOCUS.NS,IN,NSE_MAINBOARD
FOODSIN,Foods & Inns Limited,INE976E01023,NSE,Unclassified,Unclassified,FOODSIN.NS,IN,NSE_MAINBOARD
FORCEMOT,FORCE MOTORS LTD,INE451A01017,NSE,Unclassified,Unclassified,FORCEMOT.NS,IN,NSE_MAINBOARD
FORTIS,Fortis Healthcare Limited,INE061F01013,NSE,Healthcare,Healthcare,FORTIS.NS,IN,NSE_MAINBOARD
FOSECOIND,Foseco India Limited,INE519A01011,NSE,Unclassified,Unclassified,FOSECOIND.NS,IN,NSE_MAINBOARD
FRACTAL,Fractal Analytics Limited,INE212S01015,NSE,Unclassified,Unclassified,FRACTAL.NS,IN,NSE_MAINBOARD
FRONTSP,Frontier Springs Limited,INE572D01014,NSE,Unclassified,Unclassified,FRONTSP.NS,IN,NSE_MAINBOARD
FSL,Firstsource Solutions Limited,INE684F01012,NSE,Unclassified,Unclassified,FSL.NS,IN,NSE_MAINBOARD
FUSION,Fusion Finance Limited,INE139R01012,NSE,Unclassified,Unclassified,FUSION.NS,IN,NSE_MAINBOARD
GABRIEL,Gabriel India Limited,INE524A01029,NSE,Unclassified,Unclassified,GABRIEL.NS,IN,NSE_MAINBOARD
GAEL,Gujarat Ambuja Exports Limited,INE036B01030,NSE,Unclassified,Unclassified,GAEL.NS,IN,NSE_MAINBOARD
GAIL,GAIL (India) Limited,INE129A01019,NSE,Oil Gas & Consumable Fuels,Oil Gas & Consumable Fuels,GAIL.NS,IN,NSE_MAINBOARD
GALAPREC,Gala Precision Engineering Limited,INE0RE001014,NSE,Unclassified,Unclassified,GALAPREC.NS,IN,NSE_MAINBOARD
GALAXYSURF,Galaxy Surfactants Limited,INE600K01018,NSE,Unclassified,Unclassified,GALAXYSURF.NS,IN,NSE_MAINBOARD
GALLANTT,Gallantt Ispat Limited,INE297H01019,NSE,Unclassified,Unclassified,GALLANTT.NS,IN,NSE_MAINBOARD
GANDHAR,Gandhar Oil Refinery (India) Limited,INE717W01049,NSE,Unclassified,Unclassified,GANDHAR.NS,IN,NSE_MAINBOARD
GANDHITUBE,Gandhi Special Tubes Limited,INE524B01027,NSE,Unclassified,Unclassified,GANDHITUBE.NS,IN,NSE_MAINBOARD
GANECOS,Ganesha Ecosphere Limited,INE845D01014,NSE,Unclassified,Unclassified,GANECOS.NS,IN,NSE_MAINBOARD
GANESHBE,Ganesh Benzoplast Limited,INE388A01029,NSE,Unclassified,Unclassified,GANESHBE.NS,IN,NSE_MAINBOARD
GANESHCP,Ganesh Consumer Products Limited,INE652V01016,NSE,Unclassified,Unclassified,GANESHCP.NS,IN,NSE_MAINBOARD
GANESHHOU,GANESH HOUSING LIMITED,INE460C01014,NSE,Unclassified,Unclassified,GANESHHOU.NS,IN,NSE_MAINBOARD
GANGAFORGE,Ganga Forging Limited,INE691Z01023,NSE,Unclassified,Unclassified,GANGAFORGE.NS,IN,NSE_MAINBOARD
GANGESSECU,Ganges Securities Limited,INE335W01016,NSE,Unclassified,Unclassified,GANGESSECU.NS,IN,NSE_MAINBOARD
GARFIBRES,Garware Technical Fibres Limited,INE276A01018,NSE,Unclassified,Unclassified,GARFIBRES.NS,IN,NSE_MAINBOARD
GARUDA,Garuda Construction and Engineering Limited,INE0JVO01026,NSE,Unclassified,Unclassified,GARUDA.NS,IN,NSE_MAINBOARD
GATECH,GACM Technologies Limited,INE224E01028,NSE,Unclassified,Unclassified,GATECH.NS,IN,NSE_MAINBOARD
GATECHDVR,GACM Technologies Limited,INE224E01036,NSE,Unclassified,Unclassified,GATECHDVR.NS,IN,NSE_MAINBOARD
GATEWAY,Gateway Distriparks Limited,INE079J01017,NSE,Unclassified,Unclassified,GATEWAY.NS,IN,NSE_MAINBOARD
GAUDIUMIVF,Gaudium IVF and Women Health Limited,INE0P8B01020,NSE,Unclassified,Unclassified,GAUDIUMIVF.NS,IN,NSE_MAINBOARD
GAYAHWS,Gayatri Highways Limited,INE287Z01012,NSE,Unclassified,Unclassified,GAYAHWS.NS,IN,NSE_MAINBOARD
GAYAPROJ,Gayatri Projects Limited,INE336H01023,NSE,Unclassified,Unclassified,GAYAPROJ.NS,IN,NSE_MAINBOARD
GCSL,Gretex Corporate Services Limited,INE199P01028,NSE,Unclassified,Unclassified,GCSL.NS,IN,NSE_MAINBOARD
GEECEE,GeeCee Ventures Limited,INE916G01016,NSE,Unclassified,Unclassified,GEECEE.NS,IN,NSE_MAINBOARD
GEEKAYWIRE,Geekay Wires Limited,INE669X01032,NSE,Unclassified,Unclassified,GEEKAYWIRE.NS,IN,NSE_MAINBOARD
GEMAROMA,Gem Aromatics Limited,INE06XZ01023,NSE,Unclassified,Unclassified,GEMAROMA.NS,IN,NSE_MAINBOARD
GENCON,Generic Engineering Construction and Projects Limited,INE854S01022,NSE,Unclassified,Unclassified,GENCON.NS,IN,NSE_MAINBOARD
GENESYS,Genesys International Corporation Limited,INE727B01026,NSE,Unclassified,Unclassified,GENESYS.NS,IN,NSE_MAINBOARD
GENUSPAPER,Genus Paper & Boards Limited,INE949P01018,NSE,Unclassified,Unclassified,GENUSPAPER.NS,IN,NSE_MAINBOARD
GENUSPOWER,Genus Power Infrastructures Limited,INE955D01029,NSE,Unclassified,Unclassified,GENUSPOWER.NS,IN,NSE_MAINBOARD
GEOJITFSL,Geojit Financial Services Limited,INE007B01023,NSE,Unclassified,Unclassified,GEOJITFSL.NS,IN,NSE_MAINBOARD
GESHIP,The Great Eastern Shipping Company Limited,INE017A01032,NSE,Unclassified,Unclassified,GESHIP.NS,IN,NSE_MAINBOARD
GFLLIMITED,GFL Limited,INE538A01037,NSE,Unclassified,Unclassified,GFLLIMITED.NS,IN,NSE_MAINBOARD
GHCL,GHCL Limited,INE539A01019,NSE,Unclassified,Unclassified,GHCL.NS,IN,NSE_MAINBOARD
GHCLTEXTIL,GHCL Textiles Limited,INE0PA801013,NSE,Unclassified,Unclassified,GHCLTEXTIL.NS,IN,NSE_MAINBOARD
GICHSGFIN,GIC Housing Finance Limited,INE289B01019,NSE,Unclassified,Unclassified,GICHSGFIN.NS,IN,NSE_MAINBOARD
GICL,Globe International Carriers Limited,INE947T01022,NSE,Unclassified,Unclassified,GICL.NS,IN,NSE_MAINBOARD
GICRE,General Insurance Corporation of India,INE481Y01014,NSE,Unclassified,Unclassified,GICRE.NS,IN,NSE_MAINBOARD
GILLANDERS,Gillanders Arbuthnot & Company Limited,INE047B01011,NSE,Unclassified,Unclassified,GILLANDERS.NS,IN,NSE_MAINBOARD
GILLETTE,Gillette India Limited,INE322A01010,NSE,Unclassified,Unclassified,GILLETTE.NS,IN,NSE_MAINBOARD
GINNIFILA,Ginni Filaments Limited,INE424C01010,NSE,Unclassified,Unclassified,GINNIFILA.NS,IN,NSE_MAINBOARD
GIPCL,Gujarat Industries Power Company Limited,INE162A01010,NSE,Unclassified,Unclassified,GIPCL.NS,IN,NSE_MAINBOARD
GKENERGY,GK Energy Limited,INE1AG301022,NSE,Unclassified,Unclassified,GKENERGY.NS,IN,NSE_MAINBOARD
GKSL,Gujarat Kidney And Super Speciality Limited,INE0V0W01025,NSE,Unclassified,Unclassified,GKSL.NS,IN,NSE_MAINBOARD
GKWLIMITED,GKW Limited,INE528A01020,NSE,Unclassified,Unclassified,GKWLIMITED.NS,IN,NSE_MAINBOARD
GLAND,Gland Pharma Limited,INE068V01023,NSE,Unclassified,Unclassified,GLAND.NS,IN,NSE_MAINBOARD
GLAXO,GlaxoSmithKline Pharmaceuticals Limited,INE159A01016,NSE,Unclassified,Unclassified,GLAXO.NS,IN,NSE_MAINBOARD
GLENMARK,Glenmark Pharmaceuticals Limited,INE935A01035,NSE,Healthcare,Healthcare,GLENMARK.NS,IN,NSE_MAINBOARD
GLFL,Gujarat Lease Financing Limited,INE540A01017,NSE,Unclassified,Unclassified,GLFL.NS,IN,NSE_MAINBOARD
GLOBAL,Global Education Limited,INE291W01037,NSE,Unclassified,Unclassified,GLOBAL.NS,IN,NSE_MAINBOARD
GLOBALE,Globale Tessile Limited,INE0URU01010,NSE,Unclassified,Unclassified,GLOBALE.NS,IN,NSE_MAINBOARD
GLOBALVECT,Global Vectra Helicorp Limited,INE792H01019,NSE,Unclassified,Unclassified,GLOBALVECT.NS,IN,NSE_MAINBOARD
GLOBE,GLOBE ENTERPRISES (INDIA) LIMITED,INE581X01021,NSE,Unclassified,Unclassified,GLOBE.NS,IN,NSE_MAINBOARD
GLOBECIVIL,Globe Civil Projects Limited,INE0V3U01015,NSE,Unclassified,Unclassified,GLOBECIVIL.NS,IN,NSE_MAINBOARD
GLOBUSSPR,Globus Spirits Limited,INE615I01010,NSE,Unclassified,Unclassified,GLOBUSSPR.NS,IN,NSE_MAINBOARD
GLOSTERLTD,Gloster Limited,INE350Z01018,NSE,Unclassified,Unclassified,GLOSTERLTD.NS,IN,NSE_MAINBOARD
GLOTTIS,Glottis Limited,INE0TQE01026,NSE,Unclassified,Unclassified,GLOTTIS.NS,IN,NSE_MAINBOARD
GMBREW,GM Breweries Limited,INE075D01018,NSE,Unclassified,Unclassified,GMBREW.NS,IN,NSE_MAINBOARD
GMDCLTD,Gujarat Mineral Development Corporation Limited,INE131A01031,NSE,Unclassified,Unclassified,GMDCLTD.NS,IN,NSE_MAINBOARD
GMMPFAUDLR,GMM Pfaudler Limited,INE541A01023,NSE,Unclassified,Unclassified,GMMPFAUDLR.NS,IN,NSE_MAINBOARD
GMRAIRPORT,GMR AIRPORTS LIMITED,INE776C01039,NSE,Services,Services,GMRAIRPORT.NS,IN,NSE_MAINBOARD
GMRP&UI,GMR Power and Urban Infra Limited,INE0CU601026,NSE,Unclassified,Unclassified,GMRP&UI.NS,IN,NSE_MAINBOARD
GNA,GNA Axles Limited,INE934S01014,NSE,Unclassified,Unclassified,GNA.NS,IN,NSE_MAINBOARD
GNFC,Gujarat Narmada Valley Fertilizers and Chemicals Limited,INE113A01013,NSE,Unclassified,Unclassified,GNFC.NS,IN,NSE_MAINBOARD
GNRL,Gujarat Natural Resources Limited,INE207H01018,NSE,Unclassified,Unclassified,GNRL.NS,IN,NSE_MAINBOARD
GOACARBON,Goa Carbon Limited,INE426D01013,NSE,Unclassified,Unclassified,GOACARBON.NS,IN,NSE_MAINBOARD
GOCLCORP,GOCL Corporation Limited,INE077F01035,NSE,Unclassified,Unclassified,GOCLCORP.NS,IN,NSE_MAINBOARD
GOCOLORS,Go Fashion (India) Limited,INE0BJS01011,NSE,Unclassified,Unclassified,GOCOLORS.NS,IN,NSE_MAINBOARD
GODAVARIB,Godavari Biorefineries Limited,INE497S01012,NSE,Unclassified,Unclassified,GODAVARIB.NS,IN,NSE_MAINBOARD
GODFRYPHLP,Godfrey Phillips India Limited,INE260B01028,NSE,Fast Moving Consumer Goods,Fast Moving Consumer Goods,GODFRYPHLP.NS,IN,NSE_MAINBOARD
GODIGIT,Go Digit General Insurance Limited,INE03JT01014,NSE,Unclassified,Unclassified,GODIGIT.NS,IN,NSE_MAINBOARD
GODREJAGRO,Godrej Agrovet Limited,INE850D01014,NSE,Unclassified,Unclassified,GODREJAGRO.NS,IN,NSE_MAINBOARD
GODREJCP,Godrej Consumer Products Limited,INE102D01028,NSE,Fast Moving Consumer Goods,Fast Moving Consumer Goods,GODREJCP.NS,IN,NSE_MAINBOARD
GODREJIND,Godrej Industries Limited,INE233A01035,NSE,Unclassified,Unclassified,GODREJIND.NS,IN,NSE_MAINBOARD
GODREJPROP,Godrej Properties Limited,INE484J01027,NSE,Realty,Realty,GODREJPROP.NS,IN,NSE_MAINBOARD
GOKEX,Gokaldas Exports Limited,INE887G01027,NSE,Unclassified,Unclassified,GOKEX.NS,IN,NSE_MAINBOARD
GOKUL,Gokul Refoils and Solvent Limited,INE020J01029,NSE,Unclassified,Unclassified,GOKUL.NS,IN,NSE_MAINBOARD
GOKULAGRO,Gokul Agro Resources Limited,INE314T01033,NSE,Unclassified,Unclassified,GOKULAGRO.NS,IN,NSE_MAINBOARD
GOLDENTOBC,Golden Tobacco Limited,INE973A01010,NSE,Unclassified,Unclassified,GOLDENTOBC.NS,IN,NSE_MAINBOARD
GOLDIAM,Goldiam International Limited,INE025B01025,NSE,Unclassified,Unclassified,GOLDIAM.NS,IN,NSE_MAINBOARD
GOLDTECH,AION-TECH SOLUTIONS LIMITED,INE805A01014,NSE,Unclassified,Unclassified,GOLDTECH.NS,IN,NSE_MAINBOARD
GOODLUCK,Goodluck India Limited,INE127I01024,NSE,Unclassified,Unclassified,GOODLUCK.NS,IN,NSE_MAINBOARD
GOODYEAR,Goodyear India Limited,INE533A01012,NSE,Unclassified,Unclassified,GOODYEAR.NS,IN,NSE_MAINBOARD
GOPAL,Gopal Snacks Limited,INE0L9R01028,NSE,Unclassified,Unclassified,GOPAL.NS,IN,NSE_MAINBOARD
GOYALALUM,Goyal Aluminiums Limited,INE705X01026,NSE,Unclassified,Unclassified,GOYALALUM.NS,IN,NSE_MAINBOARD
GPIL,Godawari Power And Ispat limited,INE177H01039,NSE,Unclassified,Unclassified,GPIL.NS,IN,NSE_MAINBOARD
GPPL,Gujarat Pipavav Port Limited,INE517F01014,NSE,Unclassified,Unclassified,GPPL.NS,IN,NSE_MAINBOARD
GPTHEALTH,GPT Healthcare Limited,INE486R01017,NSE,Unclassified,Unclassified,GPTHEALTH.NS,IN,NSE_MAINBOARD
GPTINFRA,GPT Infraprojects Limited,INE390G01014,NSE,Unclassified,Unclassified,GPTINFRA.NS,IN,NSE_MAINBOARD
GRADIENTE,Gradiente Infotainment Limited,INE361K01017,NSE,Unclassified,Unclassified,GRADIENTE.NS,IN,NSE_MAINBOARD
GRANDOAK,Grand Oak Canyons Distillery Limited,INE926B01016,NSE,Unclassified,Unclassified,GRANDOAK.NS,IN,NSE_MAINBOARD
GRANULES,Granules India Limited,INE101D01020,NSE,Unclassified,Unclassified,GRANULES.NS,IN,NSE_MAINBOARD
GRAPHITE,Graphite India Limited,INE371A01025,NSE,Unclassified,Unclassified,GRAPHITE.NS,IN,NSE_MAINBOARD
GRASIM,Grasim Industries Limited,INE047A01021,NSE,Construction Materials,Construction Materials,GRASIM.NS,IN,NSE_MAINBOARD
GRAUWEIL,Grauer & Weil India Limited,INE266D01021,NSE,Unclassified,Unclassified,GRAUWEIL.NS,IN,NSE_MAINBOARD
GRAVISSHO,Graviss Hospitality Limited,INE214F01026,NSE,Unclassified,Unclassified,GRAVISSHO.NS,IN,NSE_MAINBOARD
GRAVITA,Gravita India Limited,INE024L01027,NSE,Unclassified,Unclassified,GRAVITA.NS,IN,NSE_MAINBOARD
GREAVESCOT,Greaves Cotton Limited,INE224A01026,NSE,Unclassified,Unclassified,GREAVESCOT.NS,IN,NSE_MAINBOARD
GREENLAM,Greenlam Industries Limited,INE544R01021,NSE,Unclassified,Unclassified,GREENLAM.NS,IN,NSE_MAINBOARD
GREENPANEL,Greenpanel Industries Limited,INE08ZM01014,NSE,Unclassified,Unclassified,GREENPANEL.NS,IN,NSE_MAINBOARD
GREENPLY,Greenply Industries Limited,INE461C01038,NSE,Unclassified,Unclassified,GREENPLY.NS,IN,NSE_MAINBOARD
GREENPOWER,Orient Green Power Company Limited,INE999K01014,NSE,Unclassified,Unclassified,GREENPOWER.NS,IN,NSE_MAINBOARD
GRINDWELL,Grindwell Norton Limited,INE536A01023,NSE,Unclassified,Unclassified,GRINDWELL.NS,IN,NSE_MAINBOARD
GRINFRA,G R Infraprojects Limited,INE201P01022,NSE,Unclassified,Unclassified,GRINFRA.NS,IN,NSE_MAINBOARD
GRMOVER,GRM Overseas Limited,INE192H01020,NSE,Unclassified,Unclassified,GRMOVER.NS,IN,NSE_MAINBOARD
GROBTEA,The Grob Tea Company Limited,INE646C01018,NSE,Unclassified,Unclassified,GROBTEA.NS,IN,NSE_MAINBOARD
GROWW,Billionbrains Garage Ventures Limited,INE0HOQ01053,NSE,Financial Services,Financial Services,GROWW.NS,IN,NSE_MAINBOARD
GRPLTD,GRP Limited,INE137I01015,NSE,Unclassified,Unclassified,GRPLTD.NS,IN,NSE_MAINBOARD
GRSE,Garden Reach Shipbuilders & Engineers Limited,INE382Z01011,NSE,Unclassified,Unclassified,GRSE.NS,IN,NSE_MAINBOARD
GRWRHITECH,Garware Hi-Tech Films Limited,INE291A01017,NSE,Unclassified,Unclassified,GRWRHITECH.NS,IN,NSE_MAINBOARD
GSFC,Gujarat State Fertilizers & Chemicals Limited,INE026A01025,NSE,Unclassified,Unclassified,GSFC.NS,IN,NSE_MAINBOARD
GSLSU,Global Surfaces Limited,INE0JSX01015,NSE,Unclassified,Unclassified,GSLSU.NS,IN,NSE_MAINBOARD
GSPCROP,GSP Crop Science Limited,INE713R01022,NSE,Unclassified,Unclassified,GSPCROP.NS,IN,NSE_MAINBOARD
GSS,GSS Infotech Limited,INE871H01011,NSE,Unclassified,Unclassified,GSS.NS,IN,NSE_MAINBOARD
GTECJAINX,G-TEC JAINX EDUCATION LIMITED,INE586X01012,NSE,Unclassified,Unclassified,GTECJAINX.NS,IN,NSE_MAINBOARD
GTL,GTL Limited,INE043A01012,NSE,Unclassified,Unclassified,GTL.NS,IN,NSE_MAINBOARD
GTLINFRA,GTL Infrastructure Limited,INE221H01019,NSE,Unclassified,Unclassified,GTLINFRA.NS,IN,NSE_MAINBOARD
GTPL,GTPL Hathway Limited,INE869I01013,NSE,Unclassified,Unclassified,GTPL.NS,IN,NSE_MAINBOARD
GUFICBIO,Gufic Biosciences Limited,INE742B01025,NSE,Unclassified,Unclassified,GUFICBIO.NS,IN,NSE_MAINBOARD
GUJALKALI,Gujarat Alkalies and Chemicals Limited,INE186A01019,NSE,Unclassified,Unclassified,GUJALKALI.NS,IN,NSE_MAINBOARD
GUJAPOLLO,Gujarat Apollo Industries Limited,INE826C01016,NSE,Unclassified,Unclassified,GUJAPOLLO.NS,IN,NSE_MAINBOARD
GUJENERGY,GUJARAT ENERGY LIMITED,INE844O01030,NSE,Unclassified,Unclassified,GUJENERGY.NS,IN,NSE_MAINBOARD
GUJRAFFIA,Gujarat Raffia Industries Limited,INE610B01024,NSE,Unclassified,Unclassified,GUJRAFFIA.NS,IN,NSE_MAINBOARD
GUJTHEM,Gujarat Themis Biosyn Limited,INE942C01045,NSE,Unclassified,Unclassified,GUJTHEM.NS,IN,NSE_MAINBOARD
GULFOILLUB,Gulf Oil Lubricants India Limited,INE635Q01029,NSE,Unclassified,Unclassified,GULFOILLUB.NS,IN,NSE_MAINBOARD
GULFPETRO,GP Petroleums Limited,INE586G01017,NSE,Unclassified,Unclassified,GULFPETRO.NS,IN,NSE_MAINBOARD
GULPOLY,Gulshan Polyols Limited,INE255D01024,NSE,Unclassified,Unclassified,GULPOLY.NS,IN,NSE_MAINBOARD
GVKPIL,GVK Power & Infrastructure Limited,INE251H01024,NSE,Unclassified,Unclassified,GVKPIL.NS,IN,NSE_MAINBOARD
GVPIL,GE Power India Limited,INE878A01011,NSE,Unclassified,Unclassified,GVPIL.NS,IN,NSE_MAINBOARD
GVPTECH,GVP Infotech Limited,INE382T01030,NSE,Unclassified,Unclassified,GVPTECH.NS,IN,NSE_MAINBOARD
GVT&D,GE Vernova T&D India Limited,INE200A01026,NSE,Capital Goods,Capital Goods,GVT&D.NS,IN,NSE_MAINBOARD
GYFTR,Gyftr Limited,INE724A01017,NSE,Unclassified,Unclassified,GYFTR.NS,IN,NSE_MAINBOARD
HAL,Hindustan Aeronautics Limited,INE066F01020,NSE,Capital Goods,Capital Goods,HAL.NS,IN,NSE_MAINBOARD
HALDER,Halder Venture Limited,INE115S01010,NSE,Unclassified,Unclassified,HALDER.NS,IN,NSE_MAINBOARD
HALDYNGL,Haldyn Glass Limited,INE506D01020,NSE,Unclassified,Unclassified,HALDYNGL.NS,IN,NSE_MAINBOARD
HALEOSLABS,HALEOS LABS LIMITED,INE320X01016,NSE,Unclassified,Unclassified,HALEOSLABS.NS,IN,NSE_MAINBOARD
HAPPSTMNDS,Happiest Minds Technologies Limited,INE419U01012,NSE,Unclassified,Unclassified,HAPPSTMNDS.NS,IN,NSE_MAINBOARD
HAPPYFORGE,Happy Forgings Limited,INE330T01021,NSE,Unclassified,Unclassified,HAPPYFORGE.NS,IN,NSE_MAINBOARD
HARDWYN,Hardwyn India Limited,INE626Z01029,NSE,Unclassified,Unclassified,HARDWYN.NS,IN,NSE_MAINBOARD
HARIOMPIPE,Hariom Pipe Industries Limited,INE00EV01017,NSE,Unclassified,Unclassified,HARIOMPIPE.NS,IN,NSE_MAINBOARD
HARRMALAYA,Harrisons  Malayalam Limited,INE544A01019,NSE,Unclassified,Unclassified,HARRMALAYA.NS,IN,NSE_MAINBOARD
HARSHA,Harsha Engineers International Limited,INE0JUS01029,NSE,Unclassified,Unclassified,HARSHA.NS,IN,NSE_MAINBOARD
HATHWAY,Hathway Cable & Datacom Limited,INE982F01036,NSE,Unclassified,Unclassified,HATHWAY.NS,IN,NSE_MAINBOARD
HATSUN,Hatsun Agro Product Limited,INE473B01035,NSE,Unclassified,Unclassified,HATSUN.NS,IN,NSE_MAINBOARD
HAVELLS,Havells India Limited,INE176B01034,NSE,Consumer Durables,Consumer Durables,HAVELLS.NS,IN,NSE_MAINBOARD
HAVISHA,Sri Havisha Hospitality and Infrastructure Limited,INE293B01029,NSE,Unclassified,Unclassified,HAVISHA.NS,IN,NSE_MAINBOARD
HAWKINCOOK,Hawkins Cookers Limited,INE979B01015,NSE,Unclassified,Unclassified,HAWKINCOOK.NS,IN,NSE_MAINBOARD
HBESD,HB Estate Developers Limited,INE640B01021,NSE,Unclassified,Unclassified,HBESD.NS,IN,NSE_MAINBOARD
HBLENGINE,HBL Engineering Limited,INE292B01021,NSE,Unclassified,Unclassified,HBLENGINE.NS,IN,NSE_MAINBOARD
HBSL,HB Stockholdings Limited,INE550B01022,NSE,Unclassified,Unclassified,HBSL.NS,IN,NSE_MAINBOARD
HCC,Hindustan Construction Company Limited,INE549A01026,NSE,Unclassified,Unclassified,HCC.NS,IN,NSE_MAINBOARD
HCG,Healthcare Global Enterprises Limited,INE075I01017,NSE,Unclassified,Unclassified,HCG.NS,IN,NSE_MAINBOARD
HCL-INSYS,HCL Infosystems Limited,INE236A01020,NSE,Unclassified,Unclassified,HCL-INSYS.NS,IN,NSE_MAINBOARD
HCLTECH,HCL Technologies Limited,INE860A01027,NSE,Information Technology,Information Technology,HCLTECH.NS,IN,NSE_MAINBOARD
HDBFS,HDB Financial Services Limited,INE756I01012,NSE,Unclassified,Unclassified,HDBFS.NS,IN,NSE_MAINBOARD
HDFCAMC,HDFC Asset Management Company Limited,INE127D01025,NSE,Financial Services,Financial Services,HDFCAMC.NS,IN,NSE_MAINBOARD
HDFCBANK,HDFC Bank Limited,INE040A01034,NSE,Financial Services,Financial Services,HDFCBANK.NS,IN,NSE_MAINBOARD
HDFCLIFE,HDFC Life Insurance Company Limited,INE795G01014,NSE,Financial Services,Financial Services,HDFCLIFE.NS,IN,NSE_MAINBOARD
HDIL,Housing Development and Infrastructure Limited,INE191I01012,NSE,Unclassified,Unclassified,HDIL.NS,IN,NSE_MAINBOARD
HEADSUP,Heads UP Ventures Limited,INE759V01019,NSE,Unclassified,Unclassified,HEADSUP.NS,IN,NSE_MAINBOARD
HEALTHX,Health X Platform Limited,INE019J01013,NSE,Unclassified,Unclassified,HEALTHX.NS,IN,NSE_MAINBOARD
HECPROJECT,HEC Infra Projects Limited,INE558R01013,NSE,Unclassified,Unclassified,HECPROJECT.NS,IN,NSE_MAINBOARD
HEG,HEG Limited,INE545A01024,NSE,Unclassified,Unclassified,HEG.NS,IN,NSE_MAINBOARD
HEIDELBERG,HeidelbergCement India Limited,INE578A01017,NSE,Unclassified,Unclassified,HEIDELBERG.NS,IN,NSE_MAINBOARD
HEMIPROP,Hemisphere Properties India Limited,INE0AJG01018,NSE,Unclassified,Unclassified,HEMIPROP.NS,IN,NSE_MAINBOARD
HERANBA,Heranba Industries Limited,INE694N01015,NSE,Unclassified,Unclassified,HERANBA.NS,IN,NSE_MAINBOARD
HERITGFOOD,Heritage Foods Limited,INE978A01027,NSE,Unclassified,Unclassified,HERITGFOOD.NS,IN,NSE_MAINBOARD
HEROMOTOCO,Hero MotoCorp Limited,INE158A01026,NSE,Automobile and Auto Components,Automobile and Auto Components,HEROMOTOCO.NS,IN,NSE_MAINBOARD
HESTERBIO,Hester Biosciences Limited,INE782E01017,NSE,Unclassified,Unclassified,HESTERBIO.NS,IN,NSE_MAINBOARD
HEXAGON,Hexagon Nutrition Limited,INE0JUI01012,NSE,Unclassified,Unclassified,HEXAGON.NS,IN,NSE_MAINBOARD
HEXATRADEX,Hexa Tradex Limited,INE750M01017,NSE,Unclassified,Unclassified,HEXATRADEX.NS,IN,NSE_MAINBOARD
HEXT,Hexaware Technologies Limited,INE093A01041,NSE,Unclassified,Unclassified,HEXT.NS,IN,NSE_MAINBOARD
HFCL,HFCL Limited,INE548A01028,NSE,Unclassified,Unclassified,HFCL.NS,IN,NSE_MAINBOARD
HGINFRA,H.G. Infra Engineering Limited,INE926X01010,NSE,Unclassified,Unclassified,HGINFRA.NS,IN,NSE_MAINBOARD
HGM,HandsOn Global Management (HGM) Limited,INE596H01014,NSE,Unclassified,Unclassified,HGM.NS,IN,NSE_MAINBOARD
HGS,Hinduja Global Solutions Limited,INE170I01016,NSE,Unclassified,Unclassified,HGS.NS,IN,NSE_MAINBOARD
HIKAL,Hikal Limited,INE475B01022,NSE,Unclassified,Unclassified,HIKAL.NS,IN,NSE_MAINBOARD
HILINFRA,Highway Infrastructure Limited,INE00RL01028,NSE,Unclassified,Unclassified,HILINFRA.NS,IN,NSE_MAINBOARD
HILTON,Hilton Metal Forging Limited,INE788H01017,NSE,Unclassified,Unclassified,HILTON.NS,IN,NSE_MAINBOARD
HIMATSEIDE,Himatsingka Seide Limited,INE049A01027,NSE,Unclassified,Unclassified,HIMATSEIDE.NS,IN,NSE_MAINBOARD
HINDALCO,Hindalco Industries Limited,INE038A01020,NSE,Metals & Mining,Metals & Mining,HINDALCO.NS,IN,NSE_MAINBOARD
HINDCOMPOS,Hindustan Composites Limited,INE310C01029,NSE,Unclassified,Unclassified,HINDCOMPOS.NS,IN,NSE_MAINBOARD
HINDCON,Hindcon Chemicals Limited,INE642Y01029,NSE,Unclassified,Unclassified,HINDCON.NS,IN,NSE_MAINBOARD
HINDCOPPER,Hindustan Copper Limited,INE531E01026,NSE,Unclassified,Unclassified,HINDCOPPER.NS,IN,NSE_MAINBOARD
HINDOILEXP,Hindustan Oil Exploration Company Limited,INE345A01011,NSE,Unclassified,Unclassified,HINDOILEXP.NS,IN,NSE_MAINBOARD
HINDPETRO,Hindustan Petroleum Corporation Limited,INE094A01015,NSE,Oil Gas & Consumable Fuels,Oil Gas & Consumable Fuels,HINDPETRO.NS,IN,NSE_MAINBOARD
HINDUNILVR,Hindustan Unilever Limited,INE030A01027,NSE,Fast Moving Consumer Goods,Fast Moving Consumer Goods,HINDUNILVR.NS,IN,NSE_MAINBOARD
HINDWAREAP,Hindware Home Innovation Limited,INE05AN01011,NSE,Unclassified,Unclassified,HINDWAREAP.NS,IN,NSE_MAINBOARD
HINDZINC,Hindustan Zinc Limited,INE267A01025,NSE,Metals & Mining,Metals & Mining,HINDZINC.NS,IN,NSE_MAINBOARD
HIRECT,Hind Rectifiers Limited,INE835D01023,NSE,Unclassified,Unclassified,HIRECT.NS,IN,NSE_MAINBOARD
HISARMETAL,Hisar Metal Industries Limited,INE598C01011,NSE,Unclassified,Unclassified,HISARMETAL.NS,IN,NSE_MAINBOARD
HITECH,Hi-Tech Pipes Limited,INE106T01025,NSE,Unclassified,Unclassified,HITECH.NS,IN,NSE_MAINBOARD
HITECHCORP,Hitech Corporation Limited,INE120D01012,NSE,Unclassified,Unclassified,HITECHCORP.NS,IN,NSE_MAINBOARD
HITECHGEAR,The Hi-Tech Gears Limited,INE127B01011,NSE,Unclassified,Unclassified,HITECHGEAR.NS,IN,NSE_MAINBOARD
HLEGLAS,HLE Glascoat Limited,INE461D01028,NSE,Unclassified,Unclassified,HLEGLAS.NS,IN,NSE_MAINBOARD
HLVLTD,HLV LIMITED,INE102A01024,NSE,Unclassified,Unclassified,HLVLTD.NS,IN,NSE_MAINBOARD
HMAAGRO,HMA Agro Industries Limited,INE0ECP01024,NSE,Unclassified,Unclassified,HMAAGRO.NS,IN,NSE_MAINBOARD
HMT,HMT Limited,INE262A01018,NSE,Unclassified,Unclassified,HMT.NS,IN,NSE_MAINBOARD
HMVL,Hindustan Media Ventures Limited,INE871K01015,NSE,Unclassified,Unclassified,HMVL.NS,IN,NSE_MAINBOARD
HNDFDS,Hindustan Foods Limited,INE254N01026,NSE,Unclassified,Unclassified,HNDFDS.NS,IN,NSE_MAINBOARD
HOMEFIRST,Home First Finance Company India Limited,INE481N01025,NSE,Unclassified,Unclassified,HOMEFIRST.NS,IN,NSE_MAINBOARD
HONASA,Honasa Consumer Limited,INE0J5401028,NSE,Unclassified,Unclassified,HONASA.NS,IN,NSE_MAINBOARD
HONAUT,Honeywell Automation India Limited,INE671A01010,NSE,Unclassified,Unclassified,HONAUT.NS,IN,NSE_MAINBOARD
HONDAPOWER,Honda India Power Products Limited,INE634A01018,NSE,Unclassified,Unclassified,HONDAPOWER.NS,IN,NSE_MAINBOARD
HPAL,HP Adhesives Limited,INE0GSL01024,NSE,Unclassified,Unclassified,HPAL.NS,IN,NSE_MAINBOARD
HPIL,Hindprakash Industries Limited,INE05X901010,NSE,Unclassified,Unclassified,HPIL.NS,IN,NSE_MAINBOARD
HPL,HPL Electric & Power Limited,INE495S01016,NSE,Unclassified,Unclassified,HPL.NS,IN,NSE_MAINBOARD
HSCL,Himadri Speciality Chemical Limited,INE019C01026,NSE,Unclassified,Unclassified,HSCL.NS,IN,NSE_MAINBOARD
HTMEDIA,HT Media Limited,INE501G01024,NSE,Unclassified,Unclassified,HTMEDIA.NS,IN,NSE_MAINBOARD
HUBTOWN,Hubtown Limited,INE703H01016,NSE,Unclassified,Unclassified,HUBTOWN.NS,IN,NSE_MAINBOARD
HUDCO,Housing & Urban Development Corporation Limited,INE031A01017,NSE,Financial Services,Financial Services,HUDCO.NS,IN,NSE_MAINBOARD
HUHTAMAKI,Huhtamaki India Limited,INE275B01026,NSE,Unclassified,Unclassified,HUHTAMAKI.NS,IN,NSE_MAINBOARD
HYBRIDFIN,Hybrid Financial Services Limited,INE965B01022,NSE,Unclassified,Unclassified,HYBRIDFIN.NS,IN,NSE_MAINBOARD
HYUNDAI,Hyundai Motor India Limited,INE0V6F01027,NSE,Automobile and Auto Components,Automobile and Auto Components,HYUNDAI.NS,IN,NSE_MAINBOARD
IBULLSLTD,Indiabulls Limited,INE126M01010,NSE,Unclassified,Unclassified,IBULLSLTD.NS,IN,NSE_MAINBOARD
ICDSLTD,ICDS Limited,INE613B01010,NSE,Unclassified,Unclassified,ICDSLTD.NS,IN,NSE_MAINBOARD
ICEMAKE,Ice Make Refrigeration Limited,INE520Y01019,NSE,Unclassified,Unclassified,ICEMAKE.NS,IN,NSE_MAINBOARD
ICICIAMC,ICICI Prudential Asset Management Company Limited,INE346A01027,NSE,Financial Services,Financial Services,ICICIAMC.NS,IN,NSE_MAINBOARD
ICICIBANK,ICICI Bank Limited,INE090A01021,NSE,Financial Services,Financial Services,ICICIBANK.NS,IN,NSE_MAINBOARD
ICICIGI,ICICI Lombard General Insurance Company Limited,INE765G01017,NSE,Financial Services,Financial Services,ICICIGI.NS,IN,NSE_MAINBOARD
ICICIPRULI,ICICI Prudential Life Insurance Company Limited,INE726G01019,NSE,Unclassified,Unclassified,ICICIPRULI.NS,IN,NSE_MAINBOARD
ICIL,Indo Count Industries Limited,INE483B01026,NSE,Unclassified,Unclassified,ICIL.NS,IN,NSE_MAINBOARD
ICRA,ICRA Limited,INE725G01011,NSE,Unclassified,Unclassified,ICRA.NS,IN,NSE_MAINBOARD
IDBI,IDBI Bank Limited,INE008A01015,NSE,Unclassified,Unclassified,IDBI.NS,IN,NSE_MAINBOARD
IDEA,Vodafone Idea Limited,INE669E01016,NSE,Telecommunication,Telecommunication,IDEA.NS,IN,NSE_MAINBOARD
IDEAFORGE,Ideaforge Technology Limited,INE349Y01013,NSE,Unclassified,Unclassified,IDEAFORGE.NS,IN,NSE_MAINBOARD
IDFCFIRSTB,IDFC First Bank Limited,INE092T01019,NSE,Financial Services,Financial Services,IDFCFIRSTB.NS,IN,NSE_MAINBOARD
IEX,Indian Energy Exchange Limited,INE022Q01020,NSE,Unclassified,Unclassified,IEX.NS,IN,NSE_MAINBOARD
IFBAGRO,IFB Agro Industries Limited,INE076C01018,NSE,Unclassified,Unclassified,IFBAGRO.NS,IN,NSE_MAINBOARD
IFBIND,IFB Industries Limited,INE559A01017,NSE,Unclassified,Unclassified,IFBIND.NS,IN,NSE_MAINBOARD
IFCI,IFCI Limited,INE039A01010,NSE,Unclassified,Unclassified,IFCI.NS,IN,NSE_MAINBOARD
IFGLEXPOR,IFGL Refractories Limited,INE133Y01011,NSE,Unclassified,Unclassified,IFGLEXPOR.NS,IN,NSE_MAINBOARD
IGARASHI,Igarashi Motors India Limited,INE188B01013,NSE,Unclassified,Unclassified,IGARASHI.NS,IN,NSE_MAINBOARD
IGCL,Indogulf Cropsciences Limited,INE05J901018,NSE,Unclassified,Unclassified,IGCL.NS,IN,NSE_MAINBOARD
IGIL,International Gemological Institute Limited,INE0Q9301021,NSE,Unclassified,Unclassified,IGIL.NS,IN,NSE_MAINBOARD
IGL,Indraprastha Gas Limited,INE203G01027,NSE,Unclassified,Unclassified,IGL.NS,IN,NSE_MAINBOARD
IGPL,IG Petrochemicals Limited,INE204A01010,NSE,Unclassified,Unclassified,IGPL.NS,IN,NSE_MAINBOARD
IIFL,IIFL Finance Limited,INE530B01024,NSE,Unclassified,Unclassified,IIFL.NS,IN,NSE_MAINBOARD
IIFLCAPS,IIFL Capital Services Limited,INE489L01022,NSE,Unclassified,Unclassified,IIFLCAPS.NS,IN,NSE_MAINBOARD
IITL,Industrial Investment Trust Limited,INE886A01014,NSE,Unclassified,Unclassified,IITL.NS,IN,NSE_MAINBOARD
IKIO,IKIO Technologies Limited,INE0LOJ01019,NSE,Unclassified,Unclassified,IKIO.NS,IN,NSE_MAINBOARD
IKS,Inventurus Knowledge Solutions Limited,INE115Q01022,NSE,Unclassified,Unclassified,IKS.NS,IN,NSE_MAINBOARD
IL&FSENGG,IL&FS Engineering and Construction Company Limited,INE369I01014,NSE,Unclassified,Unclassified,IL&FSENGG.NS,IN,NSE_MAINBOARD
IL&FSTRANS,IL&FS Transportation Networks Limited,INE975G01012,NSE,Unclassified,Unclassified,IL&FSTRANS.NS,IN,NSE_MAINBOARD
IMAGICAA,Imagicaaworld Entertainment Limited,INE172N01012,NSE,Unclassified,Unclassified,IMAGICAA.NS,IN,NSE_MAINBOARD
IMFA,Indian Metals & Ferro Alloys Limited,INE919H01018,NSE,Unclassified,Unclassified,IMFA.NS,IN,NSE_MAINBOARD
IMPAL,India Motor Parts and Accessories Limited,INE547E01014,NSE,Unclassified,Unclassified,IMPAL.NS,IN,NSE_MAINBOARD
INA,Insolation Energy Limited,INE0LGX01024,NSE,Unclassified,Unclassified,INA.NS,IN,NSE_MAINBOARD
INCREDIBLE,INCREDIBLE INDUSTRIES LIMITED,INE452L01012,NSE,Unclassified,Unclassified,INCREDIBLE.NS,IN,NSE_MAINBOARD
INDBANK,Indbank Merchant Banking Services Limited,INE841B01017,NSE,Unclassified,Unclassified,INDBANK.NS,IN,NSE_MAINBOARD
INDGN,Indegene Limited,INE065X01017,NSE,Unclassified,Unclassified,INDGN.NS,IN,NSE_MAINBOARD
INDHOTEL,The Indian Hotels Company Limited,INE053A01029,NSE,Consumer Services,Consumer Services,INDHOTEL.NS,IN,NSE_MAINBOARD
INDIACEM,The India Cements Limited,INE383A01012,NSE,Unclassified,Unclassified,INDIACEM.NS,IN,NSE_MAINBOARD
INDIAGLYCO,India Glycols Limited,INE560A01023,NSE,Unclassified,Unclassified,INDIAGLYCO.NS,IN,NSE_MAINBOARD
INDIAMART,Indiamart Intermesh Limited,INE933S01016,NSE,Unclassified,Unclassified,INDIAMART.NS,IN,NSE_MAINBOARD
INDIANB,Indian Bank,INE562A01011,NSE,Financial Services,Financial Services,INDIANB.NS,IN,NSE_MAINBOARD
INDIANCARD,Indian Card Clothing Company Limited,INE061A01014,NSE,Unclassified,Unclassified,INDIANCARD.NS,IN,NSE_MAINBOARD
INDIANHUME,Indian Hume Pipe Company Limited,INE323C01030,NSE,Unclassified,Unclassified,INDIANHUME.NS,IN,NSE_MAINBOARD
INDIASHLTR,India Shelter Finance Corporation Limited,INE922K01024,NSE,Unclassified,Unclassified,INDIASHLTR.NS,IN,NSE_MAINBOARD
INDIGO,InterGlobe Aviation Limited,INE646L01027,NSE,Services,Services,INDIGO.NS,IN,NSE_MAINBOARD
INDIGOPNTS,Indigo Paints Limited,INE09VQ01012,NSE,Unclassified,Unclassified,INDIGOPNTS.NS,IN,NSE_MAINBOARD
INDIQUBE,Indiqube Spaces Limited,INE06ST01018,NSE,Unclassified,Unclassified,INDIQUBE.NS,IN,NSE_MAINBOARD
INDNIPPON,India Nippon Electricals Limited,INE092B01025,NSE,Unclassified,Unclassified,INDNIPPON.NS,IN,NSE_MAINBOARD
INDOAMIN,Indo Amines Limited,INE760F01028,NSE,Unclassified,Unclassified,INDOAMIN.NS,IN,NSE_MAINBOARD
INDOBORAX,Indo Borax & Chemicals Limited,INE803D01021,NSE,Unclassified,Unclassified,INDOBORAX.NS,IN,NSE_MAINBOARD
INDOCO,Indoco Remedies Limited,INE873D01024,NSE,Unclassified,Unclassified,INDOCO.NS,IN,NSE_MAINBOARD
INDOFARM,Indo Farm Equipment Limited,INE622H01018,NSE,Unclassified,Unclassified,INDOFARM.NS,IN,NSE_MAINBOARD
INDORAMA,Indo Rama Synthetics (India) Limited,INE156A01020,NSE,Unclassified,Unclassified,INDORAMA.NS,IN,NSE_MAINBOARD
INDOSTAR,IndoStar Capital Finance Limited,INE896L01010,NSE,Unclassified,Unclassified,INDOSTAR.NS,IN,NSE_MAINBOARD
INDOTECH,Indo Tech Transformers Limited,INE332H01014,NSE,Unclassified,Unclassified,INDOTECH.NS,IN,NSE_MAINBOARD
INDOTHAI,Indo Thai Securities Limited,INE337M01021,NSE,Unclassified,Unclassified,INDOTHAI.NS,IN,NSE_MAINBOARD
INDOUS,Indo Us Biotech Limited,INE250Z01010,NSE,Unclassified,Unclassified,INDOUS.NS,IN,NSE_MAINBOARD
INDOWIND,Indowind Energy Limited,INE227G01018,NSE,Unclassified,Unclassified,INDOWIND.NS,IN,NSE_MAINBOARD
INDPRUD,Industrial & Prudential Investment Company Limited,INE620D01011,NSE,Unclassified,Unclassified,INDPRUD.NS,IN,NSE_MAINBOARD
INDRAMEDCO,Indraprastha Medical Corporation Limited,INE681B01017,NSE,Unclassified,Unclassified,INDRAMEDCO.NS,IN,NSE_MAINBOARD
INDSWFTLAB,Ind-Swift Laboratories Limited,INE915B01019,NSE,Unclassified,Unclassified,INDSWFTLAB.NS,IN,NSE_MAINBOARD
INDTERRAIN,Indian Terrain Fashions Limited,INE611L01021,NSE,Unclassified,Unclassified,INDTERRAIN.NS,IN,NSE_MAINBOARD
INDUSINDBK,IndusInd Bank Limited,INE095A01012,NSE,Financial Services,Financial Services,INDUSINDBK.NS,IN,NSE_MAINBOARD
INDUSTOWER,Indus Towers Limited,INE121J01017,NSE,Telecommunication,Telecommunication,INDUSTOWER.NS,IN,NSE_MAINBOARD
INFOBEAN,InfoBeans Technologies Limited,INE344S01016,NSE,Unclassified,Unclassified,INFOBEAN.NS,IN,NSE_MAINBOARD
INFOMEDIA,Infomedia Press Limited,INE669A01022,NSE,Unclassified,Unclassified,INFOMEDIA.NS,IN,NSE_MAINBOARD
INFY,Infosys Limited,INE009A01021,NSE,Information Technology,Information Technology,INFY.NS,IN,NSE_MAINBOARD
INGERRAND,Ingersoll Rand (India) Limited,INE177A01018,NSE,Unclassified,Unclassified,INGERRAND.NS,IN,NSE_MAINBOARD
INNOVACAP,Innova Captab Limited,INE0DUT01020,NSE,Unclassified,Unclassified,INNOVACAP.NS,IN,NSE_MAINBOARD
INNOVANA,Innovana Thinklabs Limited,INE403Y01018,NSE,Unclassified,Unclassified,INNOVANA.NS,IN,NSE_MAINBOARD
INNOVISION,Innovision Limited,INE0ADB01012,NSE,Unclassified,Unclassified,INNOVISION.NS,IN,NSE_MAINBOARD
INOXGREEN,Inox Green Energy Services Limited,INE510W01014,NSE,Unclassified,Unclassified,INOXGREEN.NS,IN,NSE_MAINBOARD
INOXINDIA,INOX India Limited,INE616N01034,NSE,Unclassified,Unclassified,INOXINDIA.NS,IN,NSE_MAINBOARD
INOXWIND,Inox Wind Limited,INE066P01011,NSE,Unclassified,Unclassified,INOXWIND.NS,IN,NSE_MAINBOARD
INSECTICID,Insecticides (India) Limited,INE070I01018,NSE,Unclassified,Unclassified,INSECTICID.NS,IN,NSE_MAINBOARD
INSPIRISYS,Inspirisys Solutions Limited,INE020G01017,NSE,Unclassified,Unclassified,INSPIRISYS.NS,IN,NSE_MAINBOARD
INTELLECT,Intellect Design Arena Limited,INE306R01017,NSE,Unclassified,Unclassified,INTELLECT.NS,IN,NSE_MAINBOARD
INTENTECH,Intense Technologies Limited,INE781A01025,NSE,Unclassified,Unclassified,INTENTECH.NS,IN,NSE_MAINBOARD
INTERARCH,Interarch Building Solutions Limited,INE00M901018,NSE,Unclassified,Unclassified,INTERARCH.NS,IN,NSE_MAINBOARD
INTLCONV,International Conveyors Limited,INE575C01027,NSE,Unclassified,Unclassified,INTLCONV.NS,IN,NSE_MAINBOARD
INVENTURE,Inventure Growth & Securities Limited,INE878H01024,NSE,Unclassified,Unclassified,INVENTURE.NS,IN,NSE_MAINBOARD
INVPRECQ,Investment & Precision Castings Limited,INE155E01016,NSE,Unclassified,Unclassified,INVPRECQ.NS,IN,NSE_MAINBOARD
IOB,Indian Overseas Bank,INE565A01014,NSE,Unclassified,Unclassified,IOB.NS,IN,NSE_MAINBOARD
IOC,Indian Oil Corporation Limited,INE242A01010,NSE,Oil Gas & Consumable Fuels,Oil Gas & Consumable Fuels,IOC.NS,IN,NSE_MAINBOARD
IOLCP,IOL Chemicals and Pharmaceuticals Limited,INE485C01029,NSE,Unclassified,Unclassified,IOLCP.NS,IN,NSE_MAINBOARD
IONEXCHANG,ION Exchange (India) Limited,INE570A01022,NSE,Unclassified,Unclassified,IONEXCHANG.NS,IN,NSE_MAINBOARD
IPCALAB,IPCA Laboratories Limited,INE571A01038,NSE,Unclassified,Unclassified,IPCALAB.NS,IN,NSE_MAINBOARD
IPL,India Pesticides Limited,INE0D6701023,NSE,Unclassified,Unclassified,IPL.NS,IN,NSE_MAINBOARD
IRB,IRB Infrastructure Developers Limited,INE821I01022,NSE,Unclassified,Unclassified,IRB.NS,IN,NSE_MAINBOARD
IRCON,Ircon International Limited,INE962Y01021,NSE,Unclassified,Unclassified,IRCON.NS,IN,NSE_MAINBOARD
IRCTC,Indian Railway Catering And Tourism Corporation Limited,INE335Y01020,NSE,Consumer Services,Consumer Services,IRCTC.NS,IN,NSE_MAINBOARD
IREDA,Indian Renewable Energy Development Agency Limited,INE202E01016,NSE,Financial Services,Financial Services,IREDA.NS,IN,NSE_MAINBOARD
IRFC,Indian Railway Finance Corporation Limited,INE053F01010,NSE,Financial Services,Financial Services,IRFC.NS,IN,NSE_MAINBOARD
IRIS,IRIS RegTech Solutions Limited,INE864K01010,NSE,Unclassified,Unclassified,IRIS.NS,IN,NSE_MAINBOARD
IRISDOREME,Iris Clothings Limited,INE01GN01025,NSE,Unclassified,Unclassified,IRISDOREME.NS,IN,NSE_MAINBOARD
IRMENERGY,IRM Energy Limited,INE07U701015,NSE,Unclassified,Unclassified,IRMENERGY.NS,IN,NSE_MAINBOARD
ISFT,Intrasoft Technologies Limited,INE566K01011,NSE,Unclassified,Unclassified,ISFT.NS,IN,NSE_MAINBOARD
ISGEC,Isgec Heavy Engineering Limited,INE858B01029,NSE,Unclassified,Unclassified,ISGEC.NS,IN,NSE_MAINBOARD
ISHANCH,Ishan Dyes and Chemicals Limited,INE561M01018,NSE,Unclassified,Unclassified,ISHANCH.NS,IN,NSE_MAINBOARD
ITC,ITC Limited,INE154A01025,NSE,Fast Moving Consumer Goods,Fast Moving Consumer Goods,ITC.NS,IN,NSE_MAINBOARD
ITCHOTELS,ITC Hotels Limited,INE379A01028,NSE,Unclassified,Unclassified,ITCHOTELS.NS,IN,NSE_MAINBOARD
ITDC,India Tourism Development Corporation Limited,INE353K01014,NSE,Unclassified,Unclassified,ITDC.NS,IN,NSE_MAINBOARD
ITI,ITI Limited,INE248A01017,NSE,Unclassified,Unclassified,ITI.NS,IN,NSE_MAINBOARD
IVALUE,Ivalue Infosolutions Limited,INE056801025,NSE,Unclassified,Unclassified,IVALUE.NS,IN,NSE_MAINBOARD
IVC,IL&FS Investment Managers Limited,INE050B01023,NSE,Unclassified,Unclassified,IVC.NS,IN,NSE_MAINBOARD
IVP,IVP Limited,INE043C01018,NSE,Unclassified,Unclassified,IVP.NS,IN,NSE_MAINBOARD
IWP,The Indian Wood Products Company Limited,INE586E01020,NSE,Unclassified,Unclassified,IWP.NS,IN,NSE_MAINBOARD
IXIGO,Le Travenues Technology Limited,INE0HV901016,NSE,Unclassified,Unclassified,IXIGO.NS,IN,NSE_MAINBOARD
IZMO,IZMO Limited,INE848A01014,NSE,Unclassified,Unclassified,IZMO.NS,IN,NSE_MAINBOARD
J&KBANK,The Jammu & Kashmir Bank Limited,INE168A01041,NSE,Unclassified,Unclassified,J&KBANK.NS,IN,NSE_MAINBOARD
JAGRAN,Jagran Prakashan Limited,INE199G01027,NSE,Unclassified,Unclassified,JAGRAN.NS,IN,NSE_MAINBOARD
JAGSNPHARM,Jagsonpal Pharmaceuticals Limited,INE048B01035,NSE,Unclassified,Unclassified,JAGSNPHARM.NS,IN,NSE_MAINBOARD
JAIBALAJI,Jai Balaji Industries Limited,INE091G01026,NSE,Unclassified,Unclassified,JAIBALAJI.NS,IN,NSE_MAINBOARD
JAICORPLTD,Jai Corp Limited,INE070D01027,NSE,Unclassified,Unclassified,JAICORPLTD.NS,IN,NSE_MAINBOARD
JAINREC,Jain Resource Recycling Limited,INE0YD401026,NSE,Unclassified,Unclassified,JAINREC.NS,IN,NSE_MAINBOARD
JAIPURKURT,Nandani Creation Limited,INE696V01013,NSE,Unclassified,Unclassified,JAIPURKURT.NS,IN,NSE_MAINBOARD
JAMNAAUTO,Jamna Auto Industries Limited,INE039C01032,NSE,Unclassified,Unclassified,JAMNAAUTO.NS,IN,NSE_MAINBOARD
JARO,Jaro Institute of Technology Management and Research Limited,INE00YJ01010,NSE,Unclassified,Unclassified,JARO.NS,IN,NSE_MAINBOARD
JASH,Jash Engineering Limited,INE039O01029,NSE,Unclassified,Unclassified,JASH.NS,IN,NSE_MAINBOARD
JAYAGROGN,Jayant Agro Organics Limited,INE785A01026,NSE,Unclassified,Unclassified,JAYAGROGN.NS,IN,NSE_MAINBOARD
JAYBARMARU,Jay Bharat Maruti Limited,INE571B01036,NSE,Unclassified,Unclassified,JAYBARMARU.NS,IN,NSE_MAINBOARD
JAYKAY,Jaykay Enterprises Limited,INE903A01025,NSE,Unclassified,Unclassified,JAYKAY.NS,IN,NSE_MAINBOARD
JAYNECOIND,Jayaswal Neco Industries Limited,INE854B01010,NSE,Unclassified,Unclassified,JAYNECOIND.NS,IN,NSE_MAINBOARD
JAYSREETEA,Jayshree Tea & Industries Limited,INE364A01020,NSE,Unclassified,Unclassified,JAYSREETEA.NS,IN,NSE_MAINBOARD
JBMA,JBM Auto Limited,INE927D01051,NSE,Unclassified,Unclassified,JBMA.NS,IN,NSE_MAINBOARD
JETFREIGHT,Jet Freight Logistics Limited,INE982V01025,NSE,Unclassified,Unclassified,JETFREIGHT.NS,IN,NSE_MAINBOARD
JGCHEM,J.G.Chemicals Limited,INE0MB501011,NSE,Unclassified,Unclassified,JGCHEM.NS,IN,NSE_MAINBOARD
JHS,JHS Svendgaard Laboratories Limited,INE544H01014,NSE,Unclassified,Unclassified,JHS.NS,IN,NSE_MAINBOARD
JINDALPHOT,Jindal Photo Limited,INE796G01012,NSE,Unclassified,Unclassified,JINDALPHOT.NS,IN,NSE_MAINBOARD
JINDALPOLY,Jindal Poly Films Limited,INE197D01010,NSE,Unclassified,Unclassified,JINDALPOLY.NS,IN,NSE_MAINBOARD
JINDALSAW,Jindal Saw Limited,INE324A01032,NSE,Unclassified,Unclassified,JINDALSAW.NS,IN,NSE_MAINBOARD
JINDALSTEL,JINDAL STEEL LIMITED,INE749A01030,NSE,Metals & Mining,Metals & Mining,JINDALSTEL.NS,IN,NSE_MAINBOARD
JINDRILL,Jindal Drilling And Industries Limited,INE742C01031,NSE,Unclassified,Unclassified,JINDRILL.NS,IN,NSE_MAINBOARD
JINDWORLD,Jindal Worldwide Limited,INE247D01039,NSE,Unclassified,Unclassified,JINDWORLD.NS,IN,NSE_MAINBOARD
JIOFIN,Jio Financial Services Limited,INE758E01017,NSE,Financial Services,Financial Services,JIOFIN.NS,IN,NSE_MAINBOARD
JISLDVREQS,Jain Irrigation Systems Limited,IN9175A01010,NSE,Unclassified,Unclassified,JISLDVREQS.NS,IN,NSE_MAINBOARD
JISLJALEQS,Jain Irrigation Systems Limited,INE175A01038,NSE,Unclassified,Unclassified,JISLJALEQS.NS,IN,NSE_MAINBOARD
JITFINFRA,JITF Infralogistics Limited,INE863T01013,NSE,Unclassified,Unclassified,JITFINFRA.NS,IN,NSE_MAINBOARD
JKCEMENT,JK Cement Limited,INE823G01014,NSE,Unclassified,Unclassified,JKCEMENT.NS,IN,NSE_MAINBOARD
JKIL,J.Kumar Infraprojects Limited,INE576I01022,NSE,Unclassified,Unclassified,JKIL.NS,IN,NSE_MAINBOARD
JKIPL,Jinkushal Industries Limited,INE1FF001016,NSE,Unclassified,Unclassified,JKIPL.NS,IN,NSE_MAINBOARD
JKLAKSHMI,JK Lakshmi Cement Limited,INE786A01032,NSE,Unclassified,Unclassified,JKLAKSHMI.NS,IN,NSE_MAINBOARD
JKPAPER,JK Paper Limited,INE789E01012,NSE,Unclassified,Unclassified,JKPAPER.NS,IN,NSE_MAINBOARD
JKTYRE,JK Tyre & Industries Limited,INE573A01042,NSE,Unclassified,Unclassified,JKTYRE.NS,IN,NSE_MAINBOARD
JLHL,Jupiter Life Line Hospitals Limited,INE682M01012,NSE,Unclassified,Unclassified,JLHL.NS,IN,NSE_MAINBOARD
JMA,Jullundur Motor Agency (Delhi) Limited,INE412C01023,NSE,Unclassified,Unclassified,JMA.NS,IN,NSE_MAINBOARD
JMFINANCIL,JM Financial Limited,INE780C01023,NSE,Unclassified,Unclassified,JMFINANCIL.NS,IN,NSE_MAINBOARD
JNKINDIA,JNK India Limited,INE0OAF01028,NSE,Unclassified,Unclassified,JNKINDIA.NS,IN,NSE_MAINBOARD
JOCIL,Jocil Limited,INE839G01010,NSE,Unclassified,Unclassified,JOCIL.NS,IN,NSE_MAINBOARD
JPOLYINVST,Jindal Poly Investment and Finance Company Limited,INE147P01019,NSE,Unclassified,Unclassified,JPOLYINVST.NS,IN,NSE_MAINBOARD
JPPOWER,Jaiprakash Power Ventures Limited,INE351F01018,NSE,Unclassified,Unclassified,JPPOWER.NS,IN,NSE_MAINBOARD
JSFB,Jana Small Finance Bank Limited,INE953L01027,NSE,Unclassified,Unclassified,JSFB.NS,IN,NSE_MAINBOARD
JSL,Jindal Stainless Limited,INE220G01021,NSE,Unclassified,Unclassified,JSL.NS,IN,NSE_MAINBOARD
JSLL,Jeena Sikho Lifecare Limited,INE0J5801029,NSE,Unclassified,Unclassified,JSLL.NS,IN,NSE_MAINBOARD
JSWCEMENT,JSW Cement Limited,INE718I01012,NSE,Unclassified,Unclassified,JSWCEMENT.NS,IN,NSE_MAINBOARD
JSWDULUX,JSW Dulux Limited,INE133A01011,NSE,Unclassified,Unclassified,JSWDULUX.NS,IN,NSE_MAINBOARD
JSWENERGY,JSW Energy Limited,INE121E01018,NSE,Power,Power,JSWENERGY.NS,IN,NSE_MAINBOARD
JSWHL,JSW Holdings Limited,INE824G01012,NSE,Unclassified,Unclassified,JSWHL.NS,IN,NSE_MAINBOARD
JSWINFRA,JSW Infrastructure Limited,INE880J01026,NSE,Unclassified,Unclassified,JSWINFRA.NS,IN,NSE_MAINBOARD
JSWSTEEL,JSW Steel Limited,INE019A01038,NSE,Metals & Mining,Metals & Mining,JSWSTEEL.NS,IN,NSE_MAINBOARD
JTEKTINDIA,Jtekt India Limited,INE643A01035,NSE,Unclassified,Unclassified,JTEKTINDIA.NS,IN,NSE_MAINBOARD
JTLIND,JTL INDUSTRIES LIMITED,INE391J01032,NSE,Unclassified,Unclassified,JTLIND.NS,IN,NSE_MAINBOARD
JUBLCPL,Jubilant Agri and Consumer Products Limited,INE03CC01015,NSE,Unclassified,Unclassified,JUBLCPL.NS,IN,NSE_MAINBOARD
JUBLFOOD,Jubilant Foodworks Limited,INE797F01020,NSE,Consumer Services,Consumer Services,JUBLFOOD.NS,IN,NSE_MAINBOARD
JUBLINGREA,Jubilant Ingrevia Limited,INE0BY001018,NSE,Unclassified,Unclassified,JUBLINGREA.NS,IN,NSE_MAINBOARD
JUBLPHARMA,Jubilant Pharmova Limited,INE700A01033,NSE,Unclassified,Unclassified,JUBLPHARMA.NS,IN,NSE_MAINBOARD
JUNIPER,Juniper Hotels Limited,INE696F01016,NSE,Unclassified,Unclassified,JUNIPER.NS,IN,NSE_MAINBOARD
JUSTDIAL,Just Dial Limited,INE599M01018,NSE,Unclassified,Unclassified,JUSTDIAL.NS,IN,NSE_MAINBOARD
JWL,Jupiter Wagons Limited,INE209L01016,NSE,Unclassified,Unclassified,JWL.NS,IN,NSE_MAINBOARD
JYOTHYLAB,Jyothy Labs Limited,INE668F01031,NSE,Unclassified,Unclassified,JYOTHYLAB.NS,IN,NSE_MAINBOARD
JYOTICNC,Jyoti CNC Automation Limited,INE980O01024,NSE,Unclassified,Unclassified,JYOTICNC.NS,IN,NSE_MAINBOARD
JYOTISTRUC,Jyoti Structures Limited,INE197A01024,NSE,Unclassified,Unclassified,JYOTISTRUC.NS,IN,NSE_MAINBOARD
KABRAEXTRU,Kabra Extrusion Technik Limited,INE900B01029,NSE,Unclassified,Unclassified,KABRAEXTRU.NS,IN,NSE_MAINBOARD
KAJARIACER,Kajaria Ceramics Limited,INE217B01036,NSE,Unclassified,Unclassified,KAJARIACER.NS,IN,NSE_MAINBOARD
KAKATCEM,Kakatiya Cement Sugar & Industries Limited,INE437B01014,NSE,Unclassified,Unclassified,KAKATCEM.NS,IN,NSE_MAINBOARD
KALAMANDIR,Sai Silks (Kalamandir) Limited,INE438K01021,NSE,Unclassified,Unclassified,KALAMANDIR.NS,IN,NSE_MAINBOARD
KALPATARU,Kalpataru Limited,INE227J01012,NSE,Unclassified,Unclassified,KALPATARU.NS,IN,NSE_MAINBOARD
KALYANI,Kalyani Commercials Limited,INE610E01010,NSE,Unclassified,Unclassified,KALYANI.NS,IN,NSE_MAINBOARD
KALYANIFRG,Kalyani Forge Limited,INE314G01014,NSE,Unclassified,Unclassified,KALYANIFRG.NS,IN,NSE_MAINBOARD
KALYANKJIL,Kalyan Jewellers India Limited,INE303R01014,NSE,Consumer Durables,Consumer Durables,KALYANKJIL.NS,IN,NSE_MAINBOARD
KAMAHOLD,Kama Holdings Limited,INE411F01010,NSE,Unclassified,Unclassified,KAMAHOLD.NS,IN,NSE_MAINBOARD
KAMATHOTEL,Kamat Hotels (I) Limited,INE967C01018,NSE,Unclassified,Unclassified,KAMATHOTEL.NS,IN,NSE_MAINBOARD
KAMDHENU,Kamdhenu Limited,INE390H01020,NSE,Unclassified,Unclassified,KAMDHENU.NS,IN,NSE_MAINBOARD
KAMOPAINTS,Kamdhenu Ventures Limited,INE0BTI01037,NSE,Unclassified,Unclassified,KAMOPAINTS.NS,IN,NSE_MAINBOARD
KANANIIND,Kanani Industries Limited,INE879E01037,NSE,Unclassified,Unclassified,KANANIIND.NS,IN,NSE_MAINBOARD
KANCHI,Kanchi Karpooram Limited,INE081G01019,NSE,Unclassified,Unclassified,KANCHI.NS,IN,NSE_MAINBOARD
KANORICHEM,Kanoria Chemicals & Industries Limited,INE138C01024,NSE,Unclassified,Unclassified,KANORICHEM.NS,IN,NSE_MAINBOARD
KANPRPLA,Kanpur Plastipack Limited,INE694E01014,NSE,Unclassified,Unclassified,KANPRPLA.NS,IN,NSE_MAINBOARD
KANSAINER,Kansai Nerolac Paints Limited,INE531A01024,NSE,Unclassified,Unclassified,KANSAINER.NS,IN,NSE_MAINBOARD
KAPSTON,Kapston Services Limited,INE542Z01028,NSE,Unclassified,Unclassified,KAPSTON.NS,IN,NSE_MAINBOARD
KARMAENG,Karma Energy Limited,INE725L01011,NSE,Unclassified,Unclassified,KARMAENG.NS,IN,NSE_MAINBOARD
KARURVYSYA,Karur Vysya Bank Limited,INE036D01028,NSE,Unclassified,Unclassified,KARURVYSYA.NS,IN,NSE_MAINBOARD
KAUSHALYA,Kaushalya Infrastructure Development Corporation Limited,INE234I01028,NSE,Unclassified,Unclassified,KAUSHALYA.NS,IN,NSE_MAINBOARD
KAVDEFENCE,Kavveri Defence & Wireless Technologies Limited,INE641C01019,NSE,Unclassified,Unclassified,KAVDEFENCE.NS,IN,NSE_MAINBOARD
KAYA,Kaya Limited,INE587G01015,NSE,Unclassified,Unclassified,KAYA.NS,IN,NSE_MAINBOARD
KAYNES,Kaynes Technology India Limited,INE918Z01012,NSE,Unclassified,Unclassified,KAYNES.NS,IN,NSE_MAINBOARD
KCP,KCP Limited,INE805C01028,NSE,Unclassified,Unclassified,KCP.NS,IN,NSE_MAINBOARD
KCPSUGIND,KCP Sugar and Industries Corporation Limited,INE790B01024,NSE,Unclassified,Unclassified,KCPSUGIND.NS,IN,NSE_MAINBOARD
KDDL,KDDL Limited,INE291D01011,NSE,Unclassified,Unclassified,KDDL.NS,IN,NSE_MAINBOARD
KEC,KEC International Limited,INE389H01022,NSE,Unclassified,Unclassified,KEC.NS,IN,NSE_MAINBOARD
KECL,Kirloskar Electric Company Limited,INE134B01017,NSE,Unclassified,Unclassified,KECL.NS,IN,NSE_MAINBOARD
KEEPLEARN,DSJ Keep Learning Limited,INE055C01020,NSE,Unclassified,Unclassified,KEEPLEARN.NS,IN,NSE_MAINBOARD
KEI,KEI Industries Limited,INE878B01027,NSE,Capital Goods,Capital Goods,KEI.NS,IN,NSE_MAINBOARD
KELLTONTEC,Kellton Tech Solutions Limited,INE164B01030,NSE,Unclassified,Unclassified,KELLTONTEC.NS,IN,NSE_MAINBOARD
KENNAMET,Kennametal India Limited,INE717A01029,NSE,Unclassified,Unclassified,KENNAMET.NS,IN,NSE_MAINBOARD
KERNEX,Kernex Microsystems (India) Limited,INE202H01019,NSE,Unclassified,Unclassified,KERNEX.NS,IN,NSE_MAINBOARD
KESORAMIND,Kesoram Industries Limited,INE087A01019,NSE,Unclassified,Unclassified,KESORAMIND.NS,IN,NSE_MAINBOARD
KEYFINSERV,Keynote Financial Services Limited,INE681C01015,NSE,Unclassified,Unclassified,KEYFINSERV.NS,IN,NSE_MAINBOARD
KFINTECH,Kfin Technologies Limited,INE138Y01010,NSE,Unclassified,Unclassified,KFINTECH.NS,IN,NSE_MAINBOARD
KHADIM,Khadim India Limited,INE834I01025,NSE,Unclassified,Unclassified,KHADIM.NS,IN,NSE_MAINBOARD
KHAICHEM,Khaitan Chemicals & Fertilizers Limited,INE745B01028,NSE,Unclassified,Unclassified,KHAICHEM.NS,IN,NSE_MAINBOARD
KHAITANLTD,Khaitan (India) Limited,INE731C01018,NSE,Unclassified,Unclassified,KHAITANLTD.NS,IN,NSE_MAINBOARD
KHANDSE,Khandwala Securities Limited,INE060B01014,NSE,Unclassified,Unclassified,KHANDSE.NS,IN,NSE_MAINBOARD
KICL,Kalyani Investment Company Limited,INE029L01018,NSE,Unclassified,Unclassified,KICL.NS,IN,NSE_MAINBOARD
KILITCH,Kilitch Drugs (India) Limited,INE729D01010,NSE,Unclassified,Unclassified,KILITCH.NS,IN,NSE_MAINBOARD
KIMS,Krishna Institute of Medical Sciences Limited,INE967H01025,NSE,Unclassified,Unclassified,KIMS.NS,IN,NSE_MAINBOARD
KINGFA,Kingfa Science & Technology (India) Limited,INE473D01015,NSE,Unclassified,Unclassified,KINGFA.NS,IN,NSE_MAINBOARD
KIOCL,KIOCL Limited,INE880L01014,NSE,Unclassified,Unclassified,KIOCL.NS,IN,NSE_MAINBOARD
KIRANVYPAR,Kiran Vyapar Limited,INE555P01013,NSE,Unclassified,Unclassified,KIRANVYPAR.NS,IN,NSE_MAINBOARD
KIRIINDUS,Kiri Industries Limited,INE415I01015,NSE,Unclassified,Unclassified,KIRIINDUS.NS,IN,NSE_MAINBOARD
KIRLFER,Kirloskar Ferrous Industries Limited,INE884B01025,NSE,Unclassified,Unclassified,KIRLFER.NS,IN,NSE_MAINBOARD
KIRLOSBROS,Kirloskar Brothers Limited,INE732A01036,NSE,Unclassified,Unclassified,KIRLOSBROS.NS,IN,NSE_MAINBOARD
KIRLOSENG,Kirloskar Oil Engines Limited,INE146L01010,NSE,Unclassified,Unclassified,KIRLOSENG.NS,IN,NSE_MAINBOARD
KIRLOSIND,Kirloskar Industries Limited,INE250A01039,NSE,Unclassified,Unclassified,KIRLOSIND.NS,IN,NSE_MAINBOARD
KIRLPNU,Kirloskar Pneumatic Company Limited,INE811A01020,NSE,Unclassified,Unclassified,KIRLPNU.NS,IN,NSE_MAINBOARD
KISSHT,OnEMI Technology Solutions Limited,INE12F801023,NSE,Unclassified,Unclassified,KISSHT.NS,IN,NSE_MAINBOARD
KITEX,Kitex Garments Limited,INE602G01020,NSE,Unclassified,Unclassified,KITEX.NS,IN,NSE_MAINBOARD
KKCL,Kewal Kiran Clothing Limited,INE401H01017,NSE,Unclassified,Unclassified,KKCL.NS,IN,NSE_MAINBOARD
KLBRENG-B,Kilburn Engineering Limited,INE338F01015,NSE,Unclassified,Unclassified,KLBRENG-B.NS,IN,NSE_MAINBOARD
KMEW,Knowledge Marine & Engineering Works Limited,INE0CJD01029,NSE,Unclassified,Unclassified,KMEW.NS,IN,NSE_MAINBOARD
KMSUGAR,K.M.Sugar Mills Limited,INE157H01023,NSE,Unclassified,Unclassified,KMSUGAR.NS,IN,NSE_MAINBOARD
KNACK,Knack Packaging Limited,INE17QZ01016,NSE,Unclassified,Unclassified,KNACK.NS,IN,NSE_MAINBOARD
KNAGRI,KN Agri Resources Limited,INE0KNW01016,NSE,Unclassified,Unclassified,KNAGRI.NS,IN,NSE_MAINBOARD
KNRCON,KNR Constructions Limited,INE634I01029,NSE,Unclassified,Unclassified,KNRCON.NS,IN,NSE_MAINBOARD
KOHINOOR,Kohinoor Foods Limited,INE080B01012,NSE,Unclassified,Unclassified,KOHINOOR.NS,IN,NSE_MAINBOARD
KOKUYOCMLN,Kokuyo Camlin Limited,INE760A01029,NSE,Unclassified,Unclassified,KOKUYOCMLN.NS,IN,NSE_MAINBOARD
KOLTEPATIL,Kolte - Patil Developers Limited,INE094I01018,NSE,Unclassified,Unclassified,KOLTEPATIL.NS,IN,NSE_MAINBOARD
KOPRAN,Kopran Limited,INE082A01010,NSE,Unclassified,Unclassified,KOPRAN.NS,IN,NSE_MAINBOARD
KOTAKBANK,Kotak Mahindra Bank Limited,INE237A01036,NSE,Financial Services,Financial Services,KOTAKBANK.NS,IN,NSE_MAINBOARD
KOTARISUG,Kothari Sugars And Chemicals Limited,INE419A01022,NSE,Unclassified,Unclassified,KOTARISUG.NS,IN,NSE_MAINBOARD
KOTHARIPET,Kothari Petrochemicals Limited,INE720A01015,NSE,Unclassified,Unclassified,KOTHARIPET.NS,IN,NSE_MAINBOARD
KOTHARIPRO,Kothari Products Limited,INE823A01017,NSE,Unclassified,Unclassified,KOTHARIPRO.NS,IN,NSE_MAINBOARD
KOTIC,Kothari Industrial Corporation Limited,INE972A01020,NSE,Unclassified,Unclassified,KOTIC.NS,IN,NSE_MAINBOARD
KOTYARK,Kotyark Industries Limited,INE0J0B01017,NSE,Unclassified,Unclassified,KOTYARK.NS,IN,NSE_MAINBOARD
KOVAI,Kovai Medical Center & Hospital Limited,INE177F01017,NSE,Unclassified,Unclassified,KOVAI.NS,IN,NSE_MAINBOARD
KPEL,K.P. Energy Limited,INE127T01021,NSE,Unclassified,Unclassified,KPEL.NS,IN,NSE_MAINBOARD
KPIGREEN,KPI Green Energy Limited,INE542W01025,NSE,Unclassified,Unclassified,KPIGREEN.NS,IN,NSE_MAINBOARD
KPIL,Kalpataru Projects International Limited,INE220B01022,NSE,Unclassified,Unclassified,KPIL.NS,IN,NSE_MAINBOARD
KPITTECH,KPIT Technologies Limited,INE04I401011,NSE,Information Technology,Information Technology,KPITTECH.NS,IN,NSE_MAINBOARD
KPL,Kwality Pharmaceuticals Limited,INE552U01010,NSE,Unclassified,Unclassified,KPL.NS,IN,NSE_MAINBOARD
KPRMILL,K.P.R. Mill Limited,INE930H01031,NSE,Unclassified,Unclassified,KPRMILL.NS,IN,NSE_MAINBOARD
KRBL,KRBL Limited,INE001B01026,NSE,Unclassified,Unclassified,KRBL.NS,IN,NSE_MAINBOARD
KREBSBIO,Krebs Biochemicals and Industries Limited,INE268B01013,NSE,Unclassified,Unclassified,KREBSBIO.NS,IN,NSE_MAINBOARD
KRIDHANINF,Kridhan Infra Limited,INE524L01026,NSE,Unclassified,Unclassified,KRIDHANINF.NS,IN,NSE_MAINBOARD
KRISHANA,Krishana Phoschem Limited,INE506W01020,NSE,Unclassified,Unclassified,KRISHANA.NS,IN,NSE_MAINBOARD
KRISHIVAL,Krishival Foods Limited,INE0GGO01015,NSE,Unclassified,Unclassified,KRISHIVAL.NS,IN,NSE_MAINBOARD
KRISHNADEF,Krishna Defence And Allied Industries Limited,INE0J5601015,NSE,Unclassified,Unclassified,KRISHNADEF.NS,IN,NSE_MAINBOARD
KRITI,Kriti Industries (India) Limited,INE479D01038,NSE,Unclassified,Unclassified,KRITI.NS,IN,NSE_MAINBOARD
KRITIKA,Kritika Wires Limited,INE00Z501029,NSE,Unclassified,Unclassified,KRITIKA.NS,IN,NSE_MAINBOARD
KRITINUT,Kriti Nutrients Limited,INE798K01010,NSE,Unclassified,Unclassified,KRITINUT.NS,IN,NSE_MAINBOARD
KRN,KRN Heat Exchanger and Refrigeration Limited,INE0Q3J01015,NSE,Unclassified,Unclassified,KRN.NS,IN,NSE_MAINBOARD
KRONOX,Kronox Lab Sciences Limited,INE0ATZ01017,NSE,Unclassified,Unclassified,KRONOX.NS,IN,NSE_MAINBOARD
KROSS,Kross Limited,INE0O6601022,NSE,Unclassified,Unclassified,KROSS.NS,IN,NSE_MAINBOARD
KRSNAA,Krsnaa Diagnostics Limited,INE08LI01020,NSE,Unclassified,Unclassified,KRSNAA.NS,IN,NSE_MAINBOARD
KRYSTAL,Krystal Integrated Services Limited,INE0QN801017,NSE,Unclassified,Unclassified,KRYSTAL.NS,IN,NSE_MAINBOARD
KSB,Ksb Limited,INE999A01023,NSE,Unclassified,Unclassified,KSB.NS,IN,NSE_MAINBOARD
KSCL,Kaveri Seed Company Limited,INE455I01029,NSE,Unclassified,Unclassified,KSCL.NS,IN,NSE_MAINBOARD
KSHINTL,KSH International Limited,INE987S01020,NSE,Unclassified,Unclassified,KSHINTL.NS,IN,NSE_MAINBOARD
KSHITIJPOL,Kshitij Polyline Limited,INE013801027,NSE,Unclassified,Unclassified,KSHITIJPOL.NS,IN,NSE_MAINBOARD
KSL,Kalyani Steels Limited,INE907A01026,NSE,Unclassified,Unclassified,KSL.NS,IN,NSE_MAINBOARD
KSOLVES,Ksolves India Limited,INE0D6I01023,NSE,Unclassified,Unclassified,KSOLVES.NS,IN,NSE_MAINBOARD
KSR,KSR Footwear Limited,INE1SPP01016,NSE,Unclassified,Unclassified,KSR.NS,IN,NSE_MAINBOARD
KTKBANK,The Karnataka Bank Limited,INE614B01018,NSE,Unclassified,Unclassified,KTKBANK.NS,IN,NSE_MAINBOARD
KUANTUM,Kuantum Papers Limited,INE529I01021,NSE,Unclassified,Unclassified,KUANTUM.NS,IN,NSE_MAINBOARD
KUSUMGAR,Kusumgar Limited,INE0ISX01025,NSE,Unclassified,Unclassified,KUSUMGAR.NS,IN,NSE_MAINBOARD
KWIL,Kwality Wall's (India) Limited,INE2KCE01013,NSE,Unclassified,Unclassified,KWIL.NS,IN,NSE_MAINBOARD
LAGNAM,Lagnam Spintex Limited,INE548Z01017,NSE,Unclassified,Unclassified,LAGNAM.NS,IN,NSE_MAINBOARD
LAHOTIOV,Lahoti Overseas Limited,INE515C01023,NSE,Unclassified,Unclassified,LAHOTIOV.NS,IN,NSE_MAINBOARD
LAKPRE,Lakshmi Precision Screws Limited,INE651C01018,NSE,Unclassified,Unclassified,LAKPRE.NS,IN,NSE_MAINBOARD
LAL,Lorenzini Apparels Limited,INE740X01023,NSE,Unclassified,Unclassified,LAL.NS,IN,NSE_MAINBOARD
LALPATHLAB,Dr. Lal Path Labs Ltd.,INE600L01024,NSE,Unclassified,Unclassified,LALPATHLAB.NS,IN,NSE_MAINBOARD
LAMBODHARA,Lambodhara Textiles Limited,INE112F01022,NSE,Unclassified,Unclassified,LAMBODHARA.NS,IN,NSE_MAINBOARD
LANCORHOL,Lancor Holdings Limited,INE572G01025,NSE,Unclassified,Unclassified,LANCORHOL.NS,IN,NSE_MAINBOARD
LANDMARK,Landmark Cars Limited,INE559R01029,NSE,Unclassified,Unclassified,LANDMARK.NS,IN,NSE_MAINBOARD
LANDSMILL,Landsmill Green Limited,INE688J01023,NSE,Unclassified,Unclassified,LANDSMILL.NS,IN,NSE_MAINBOARD
LAOPALA,La Opala RG Limited,INE059D01020,NSE,Unclassified,Unclassified,LAOPALA.NS,IN,NSE_MAINBOARD
LASA,Lasa Supergenerics Limited,INE670X01014,NSE,Unclassified,Unclassified,LASA.NS,IN,NSE_MAINBOARD
LASERPOWER,Laser Power & Infra Limited,INE17IR01028,NSE,Unclassified,Unclassified,LASERPOWER.NS,IN,NSE_MAINBOARD
LATENTVIEW,Latent View Analytics Limited,INE0I7C01011,NSE,Unclassified,Unclassified,LATENTVIEW.NS,IN,NSE_MAINBOARD
LATTEYS,Latteys Industries Limited,INE262Z01023,NSE,Unclassified,Unclassified,LATTEYS.NS,IN,NSE_MAINBOARD
LAURUSLABS,Laurus Labs Limited,INE947Q01028,NSE,Healthcare,Healthcare,LAURUSLABS.NS,IN,NSE_MAINBOARD
LAXMICOT,Laxmi Cotspin Limited,INE801V01019,NSE,Unclassified,Unclassified,LAXMICOT.NS,IN,NSE_MAINBOARD
LAXMIDENTL,Laxmi Dental Limited,INE0WO601020,NSE,Unclassified,Unclassified,LAXMIDENTL.NS,IN,NSE_MAINBOARD
LAXMIINDIA,Laxmi India Finance Limited,INE06WU01026,NSE,Unclassified,Unclassified,LAXMIINDIA.NS,IN,NSE_MAINBOARD
LCCINFOTEC,LCC Infotech Limited,INE938A01021,NSE,Unclassified,Unclassified,LCCINFOTEC.NS,IN,NSE_MAINBOARD
LEMERITE,Le Merite Exports Limited,INE0G1L01025,NSE,Unclassified,Unclassified,LEMERITE.NS,IN,NSE_MAINBOARD
LEMONTREE,Lemon Tree Hotels Limited,INE970X01018,NSE,Unclassified,Unclassified,LEMONTREE.NS,IN,NSE_MAINBOARD
LENSKART,Lenskart Solutions Limited,INE956O01016,NSE,Consumer Services,Consumer Services,LENSKART.NS,IN,NSE_MAINBOARD
LEXUS,Lexus Granito (India) Limited,INE500X01013,NSE,Unclassified,Unclassified,LEXUS.NS,IN,NSE_MAINBOARD
LFIC,Lakshmi Finance & Industrial Corporation Limited,INE850E01012,NSE,Unclassified,Unclassified,LFIC.NS,IN,NSE_MAINBOARD
LGBBROSLTD,LG Balakrishnan & Bros Limited,INE337A01034,NSE,Unclassified,Unclassified,LGBBROSLTD.NS,IN,NSE_MAINBOARD
LGEINDIA,LG Electronics India Limited,INE324D01010,NSE,Consumer Durables,Consumer Durables,LGEINDIA.NS,IN,NSE_MAINBOARD
LGHL,Laxmi Goldorna House Limited,INE258Y01016,NSE,Unclassified,Unclassified,LGHL.NS,IN,NSE_MAINBOARD
LIBAS,Libas Consumer Products Limited,INE908V01012,NSE,Unclassified,Unclassified,LIBAS.NS,IN,NSE_MAINBOARD
LIBERTSHOE,Liberty Shoes Limited,INE557B01019,NSE,Unclassified,Unclassified,LIBERTSHOE.NS,IN,NSE_MAINBOARD
LICHSGFIN,LIC Housing Finance Limited,INE115A01026,NSE,Financial Services,Financial Services,LICHSGFIN.NS,IN,NSE_MAINBOARD
LICI,Life Insurance Corporation Of India,INE0J1Y01017,NSE,Unclassified,Unclassified,LICI.NS,IN,NSE_MAINBOARD
LIKHITHA,Likhitha Infrastructure Limited,INE060901027,NSE,Unclassified,Unclassified,LIKHITHA.NS,IN,NSE_MAINBOARD
LINC,Linc Limited,INE802B01027,NSE,Unclassified,Unclassified,LINC.NS,IN,NSE_MAINBOARD
LINCOLN,Lincoln Pharmaceuticals Limited,INE405C01035,NSE,Unclassified,Unclassified,LINCOLN.NS,IN,NSE_MAINBOARD
LINDEINDIA,Linde India Limited,INE473A01011,NSE,Unclassified,Unclassified,LINDEINDIA.NS,IN,NSE_MAINBOARD
LLOYDSENGG,LLOYDS ENGINEERING WORKS LIMITED,INE093R01011,NSE,Unclassified,Unclassified,LLOYDSENGG.NS,IN,NSE_MAINBOARD
LLOYDSENT,Lloyds Enterprises Limited,INE080I01025,NSE,Unclassified,Unclassified,LLOYDSENT.NS,IN,NSE_MAINBOARD
LLOYDSME,Lloyds Metals And Energy Limited,INE281B01032,NSE,Unclassified,Unclassified,LLOYDSME.NS,IN,NSE_MAINBOARD
LMW,LMW Limited,INE269B01029,NSE,Unclassified,Unclassified,LMW.NS,IN,NSE_MAINBOARD
LODHA,Lodha Developers Limited,INE670K01029,NSE,Realty,Realty,LODHA.NS,IN,NSE_MAINBOARD
LOKESHMACH,Lokesh Machines Limited,INE397H01017,NSE,Unclassified,Unclassified,LOKESHMACH.NS,IN,NSE_MAINBOARD
LORDSCHLO,Lords Chloro Alkali Limited,INE846D01012,NSE,Unclassified,Unclassified,LORDSCHLO.NS,IN,NSE_MAINBOARD
LOTUSDEV,Sri Lotus Developers and Realty Limited,INE0V9Q01010,NSE,Unclassified,Unclassified,LOTUSDEV.NS,IN,NSE_MAINBOARD
LOTUSEYE,Lotus Eye Hospital and Institute Limited,INE947I01017,NSE,Unclassified,Unclassified,LOTUSEYE.NS,IN,NSE_MAINBOARD
LOVABLE,Lovable Lingerie Limited,INE597L01014,NSE,Unclassified,Unclassified,LOVABLE.NS,IN,NSE_MAINBOARD
LOYALTEX,Loyal Textile Mills Limited,INE970D01010,NSE,Unclassified,Unclassified,LOYALTEX.NS,IN,NSE_MAINBOARD
LPDC,Landmark Property Development Company Limited,INE197J01017,NSE,Unclassified,Unclassified,LPDC.NS,IN,NSE_MAINBOARD
LT,Larsen & Toubro Limited,INE018A01030,NSE,Construction,Construction,LT.NS,IN,NSE_MAINBOARD
LTF,L&T Finance Limited,INE498L01015,NSE,Financial Services,Financial Services,LTF.NS,IN,NSE_MAINBOARD
LTFOODS,LT Foods Limited,INE818H01020,NSE,Unclassified,Unclassified,LTFOODS.NS,IN,NSE_MAINBOARD
LTM,LTM Limited,INE214T01019,NSE,Information Technology,Information Technology,LTM.NS,IN,NSE_MAINBOARD
LTTS,L&T Technology Services Limited,INE010V01017,NSE,Unclassified,Unclassified,LTTS.NS,IN,NSE_MAINBOARD
LUMAXIND,Lumax Industries Limited,INE162B01018,NSE,Unclassified,Unclassified,LUMAXIND.NS,IN,NSE_MAINBOARD
LUMAXTECH,Lumax Auto Technologies Limited,INE872H01027,NSE,Unclassified,Unclassified,LUMAXTECH.NS,IN,NSE_MAINBOARD
LUPIN,Lupin Limited,INE326A01037,NSE,Healthcare,Healthcare,LUPIN.NS,IN,NSE_MAINBOARD
LUXIND,Lux Industries Limited,INE150G01020,NSE,Unclassified,Unclassified,LUXIND.NS,IN,NSE_MAINBOARD
LXCHEM,Laxmi Organic Industries Limited,INE576O01020,NSE,Unclassified,Unclassified,LXCHEM.NS,IN,NSE_MAINBOARD
LYKALABS,Lyka Labs Limited,INE933A01014,NSE,Unclassified,Unclassified,LYKALABS.NS,IN,NSE_MAINBOARD
M&M,Mahindra & Mahindra Limited,INE101A01026,NSE,Automobile and Auto Components,Automobile and Auto Components,M&M.NS,IN,NSE_MAINBOARD
M&MFIN,Mahindra & Mahindra Financial Services Limited,INE774D01024,NSE,Financial Services,Financial Services,M&MFIN.NS,IN,NSE_MAINBOARD
MAANALU,Maan Aluminium Limited,INE215I01027,NSE,Unclassified,Unclassified,MAANALU.NS,IN,NSE_MAINBOARD
MACPOWER,Macpower CNC Machines Limited,INE155Z01011,NSE,Unclassified,Unclassified,MACPOWER.NS,IN,NSE_MAINBOARD
MADHAV,Madhav Marbles and Granites Limited,INE925C01016,NSE,Unclassified,Unclassified,MADHAV.NS,IN,NSE_MAINBOARD
MADHAVIPL,Madhav Infra Projects Limited,INE631R01026,NSE,Unclassified,Unclassified,MADHAVIPL.NS,IN,NSE_MAINBOARD
MADHUCON,Madhucon Projects Limited,INE378D01032,NSE,Unclassified,Unclassified,MADHUCON.NS,IN,NSE_MAINBOARD
MADRASFERT,Madras Fertilizers Limited,INE414A01015,NSE,Unclassified,Unclassified,MADRASFERT.NS,IN,NSE_MAINBOARD
MAFATIND,Mafatlal Industries Limited,INE270B01035,NSE,Unclassified,Unclassified,MAFATIND.NS,IN,NSE_MAINBOARD
MAGADSUGAR,Magadh Sugar & Energy Limited,INE347W01011,NSE,Unclassified,Unclassified,MAGADSUGAR.NS,IN,NSE_MAINBOARD
MAGNUM,Magnum Ventures Limited,INE387I01016,NSE,Unclassified,Unclassified,MAGNUM.NS,IN,NSE_MAINBOARD
MAHABANK,Bank of Maharashtra,INE457A01014,NSE,Unclassified,Unclassified,MAHABANK.NS,IN,NSE_MAINBOARD
MAHAPEXLTD,Maha Rashtra Apex Corporation Limited,INE843B01013,NSE,Unclassified,Unclassified,MAHAPEXLTD.NS,IN,NSE_MAINBOARD
MAHASTEEL,Mahamaya Steel Industries Limited,INE451L01014,NSE,Unclassified,Unclassified,MAHASTEEL.NS,IN,NSE_MAINBOARD
MAHEPC,Mahindra EPC Irrigation Limited,INE215D01010,NSE,Unclassified,Unclassified,MAHEPC.NS,IN,NSE_MAINBOARD
MAHESHWARI,Maheshwari Logistics Limited,INE263W01010,NSE,Unclassified,Unclassified,MAHESHWARI.NS,IN,NSE_MAINBOARD
MAHLIFE,Mahindra Lifespace Developers Limited,INE813A01018,NSE,Unclassified,Unclassified,MAHLIFE.NS,IN,NSE_MAINBOARD
MAHLOG,Mahindra Logistics Limited,INE766P01016,NSE,Unclassified,Unclassified,MAHLOG.NS,IN,NSE_MAINBOARD
MAHSCOOTER,Maharashtra Scooters Limited,INE288A01013,NSE,Unclassified,Unclassified,MAHSCOOTER.NS,IN,NSE_MAINBOARD
MAHSEAMLES,Maharashtra Seamless Limited,INE271B01025,NSE,Unclassified,Unclassified,MAHSEAMLES.NS,IN,NSE_MAINBOARD
MAITHANALL,Maithan Alloys Limited,INE683C01011,NSE,Unclassified,Unclassified,MAITHANALL.NS,IN,NSE_MAINBOARD
MAJESAUT,Majestic Auto Limited,INE201B01022,NSE,Unclassified,Unclassified,MAJESAUT.NS,IN,NSE_MAINBOARD
MALLCOM,Mallcom (India) Limited,INE389C01015,NSE,Unclassified,Unclassified,MALLCOM.NS,IN,NSE_MAINBOARD
MALUPAPER,Malu Paper Mills Limited,INE383H01017,NSE,Unclassified,Unclassified,MALUPAPER.NS,IN,NSE_MAINBOARD
MAMATA,Mamata Machinery Limited,INE0TO701015,NSE,Unclassified,Unclassified,MAMATA.NS,IN,NSE_MAINBOARD
MANAKALUCO,Manaksia Aluminium Company Limited,INE859Q01017,NSE,Unclassified,Unclassified,MANAKALUCO.NS,IN,NSE_MAINBOARD
MANAKCOAT,Manaksia Coated Metals & Industries Limited,INE830Q01018,NSE,Unclassified,Unclassified,MANAKCOAT.NS,IN,NSE_MAINBOARD
MANAKSIA,Manaksia Limited,INE015D01022,NSE,Unclassified,Unclassified,MANAKSIA.NS,IN,NSE_MAINBOARD
MANAKSTEEL,Manaksia Steels Limited,INE824Q01011,NSE,Unclassified,Unclassified,MANAKSTEEL.NS,IN,NSE_MAINBOARD
MANALIPETC,Manali Petrochemicals Limited,INE201A01024,NSE,Unclassified,Unclassified,MANALIPETC.NS,IN,NSE_MAINBOARD
MANAPPURAM,Manappuram Finance Limited,INE522D01027,NSE,Unclassified,Unclassified,MANAPPURAM.NS,IN,NSE_MAINBOARD
MANBA,Manba Finance Limited,INE939X01013,NSE,Unclassified,Unclassified,MANBA.NS,IN,NSE_MAINBOARD
MANCREDIT,Mangal Credit and Fincorp Limited,INE545L01039,NSE,Unclassified,Unclassified,MANCREDIT.NS,IN,NSE_MAINBOARD
MANGALAM,Mangalam Drugs And Organics Limited,INE584F01014,NSE,Unclassified,Unclassified,MANGALAM.NS,IN,NSE_MAINBOARD
MANGLMCEM,Mangalam Cement Limited,INE347A01017,NSE,Unclassified,Unclassified,MANGLMCEM.NS,IN,NSE_MAINBOARD
MANINDS,Man Industries (India) Limited,INE993A01026,NSE,Unclassified,Unclassified,MANINDS.NS,IN,NSE_MAINBOARD
MANINFRA,Man Infraconstruction Limited,INE949H01023,NSE,Unclassified,Unclassified,MANINFRA.NS,IN,NSE_MAINBOARD
MANKIND,Mankind Pharma Limited,INE634S01028,NSE,Healthcare,Healthcare,MANKIND.NS,IN,NSE_MAINBOARD
MANOMAY,Manomay Tex India Limited,INE784W01015,NSE,Unclassified,Unclassified,MANOMAY.NS,IN,NSE_MAINBOARD
MANORAMA,Manorama Industries Limited,INE00VM01036,NSE,Unclassified,Unclassified,MANORAMA.NS,IN,NSE_MAINBOARD
MANORG,Mangalam Organics Limited,INE370D01013,NSE,Unclassified,Unclassified,MANORG.NS,IN,NSE_MAINBOARD
MANUGRAPH,Manugraph India Limited,INE867A01022,NSE,Unclassified,Unclassified,MANUGRAPH.NS,IN,NSE_MAINBOARD
MANYAVAR,Vedant Fashions Limited,INE825V01034,NSE,Unclassified,Unclassified,MANYAVAR.NS,IN,NSE_MAINBOARD
MAPMYINDIA,C.E. Info Systems Limited,INE0BV301023,NSE,Unclassified,Unclassified,MAPMYINDIA.NS,IN,NSE_MAINBOARD
MARALOVER,Maral Overseas Limited,INE882A01013,NSE,Unclassified,Unclassified,MARALOVER.NS,IN,NSE_MAINBOARD
MARATHON,Marathon Nextgen Realty Limited,INE182D01020,NSE,Unclassified,Unclassified,MARATHON.NS,IN,NSE_MAINBOARD
MARICO,Marico Limited,INE196A01026,NSE,Fast Moving Consumer Goods,Fast Moving Consumer Goods,MARICO.NS,IN,NSE_MAINBOARD
MARINE,Marine Electricals (India) Limited,INE01JE01028,NSE,Unclassified,Unclassified,MARINE.NS,IN,NSE_MAINBOARD
MARKOLINES,Markolines Pavement Technologies Limited,INE0FW001016,NSE,Unclassified,Unclassified,MARKOLINES.NS,IN,NSE_MAINBOARD
MARKSANS,Marksans Pharma Limited,INE750C01026,NSE,Unclassified,Unclassified,MARKSANS.NS,IN,NSE_MAINBOARD
MARSONS,Marsons Limited,INE415B01044,NSE,Unclassified,Unclassified,MARSONS.NS,IN,NSE_MAINBOARD
MARUTI,Maruti Suzuki India Limited,INE585B01010,NSE,Automobile and Auto Components,Automobile and Auto Components,MARUTI.NS,IN,NSE_MAINBOARD
MASFIN,MAS Financial Services Limited,INE348L01012,NSE,Unclassified,Unclassified,MASFIN.NS,IN,NSE_MAINBOARD
MASKINVEST,Mask Investments Limited,INE885F01015,NSE,Unclassified,Unclassified,MASKINVEST.NS,IN,NSE_MAINBOARD
MASTEK,Mastek Limited,INE759A01021,NSE,Unclassified,Unclassified,MASTEK.NS,IN,NSE_MAINBOARD
MASTERTR,Master Trust Limited,INE677D01037,NSE,Unclassified,Unclassified,MASTERTR.NS,IN,NSE_MAINBOARD
MATRIMONY,Matrimony.Com Limited,INE866R01028,NSE,Unclassified,Unclassified,MATRIMONY.NS,IN,NSE_MAINBOARD
MAWANASUG,Mawana Sugars Limited,INE636A01039,NSE,Unclassified,Unclassified,MAWANASUG.NS,IN,NSE_MAINBOARD
MAXESTATES,Max Estates Limited,INE03EI01018,NSE,Unclassified,Unclassified,MAXESTATES.NS,IN,NSE_MAINBOARD
MAXHEALTH,Max Healthcare Institute Limited,INE027H01010,NSE,Healthcare,Healthcare,MAXHEALTH.NS,IN,NSE_MAINBOARD
MAXIND,Max India Limited,INE0CG601016,NSE,Unclassified,Unclassified,MAXIND.NS,IN,NSE_MAINBOARD
MAYURUNIQ,Mayur Uniquoters Ltd,INE040D01038,NSE,Unclassified,Unclassified,MAYURUNIQ.NS,IN,NSE_MAINBOARD
MAZDA,Mazda Limited,INE885E01042,NSE,Unclassified,Unclassified,MAZDA.NS,IN,NSE_MAINBOARD
MAZDOCK,Mazagon Dock Shipbuilders Limited,INE249Z01020,NSE,Capital Goods,Capital Goods,MAZDOCK.NS,IN,NSE_MAINBOARD
MBAPL,Madhya Bharat Agro Products Limited,INE900L01028,NSE,Unclassified,Unclassified,MBAPL.NS,IN,NSE_MAINBOARD
MBEL,M & B Engineering Limited,INE08N601015,NSE,Unclassified,Unclassified,MBEL.NS,IN,NSE_MAINBOARD
MBLINFRA,MBL Infrastructure Limited,INE912H01013,NSE,Unclassified,Unclassified,MBLINFRA.NS,IN,NSE_MAINBOARD
MCCHRLS-B,Mac Charles India Limited,INE435D01014,NSE,Unclassified,Unclassified,MCCHRLS-B.NS,IN,NSE_MAINBOARD
MCL,M TEK COPPER LIMITED,INE813V01022,NSE,Unclassified,Unclassified,MCL.NS,IN,NSE_MAINBOARD
MCLEODRUSS,Mcleod Russel India Limited,INE942G01012,NSE,Unclassified,Unclassified,MCLEODRUSS.NS,IN,NSE_MAINBOARD
MCLOUD,Magellanic Cloud Limited,INE613C01026,NSE,Unclassified,Unclassified,MCLOUD.NS,IN,NSE_MAINBOARD
MCX,Multi Commodity Exchange of India Limited,INE745G01043,NSE,Financial Services,Financial Services,MCX.NS,IN,NSE_MAINBOARD
MEDANTA,Global Health Limited,INE474Q01031,NSE,Unclassified,Unclassified,MEDANTA.NS,IN,NSE_MAINBOARD
MEDIASSIST,Medi Assist Healthcare Services Limited,INE456Z01021,NSE,Unclassified,Unclassified,MEDIASSIST.NS,IN,NSE_MAINBOARD
MEDICAMEQ,Medicamen Biotech Limited,INE646B01010,NSE,Unclassified,Unclassified,MEDICAMEQ.NS,IN,NSE_MAINBOARD
MEDICO,Medico Remedies Limited,INE630Y01024,NSE,Unclassified,Unclassified,MEDICO.NS,IN,NSE_MAINBOARD
MEDPLUS,Medplus Health Services Limited,INE804L01022,NSE,Unclassified,Unclassified,MEDPLUS.NS,IN,NSE_MAINBOARD
MEESHO,Meesho Limited,INE0VDM01015,NSE,Unclassified,Unclassified,MEESHO.NS,IN,NSE_MAINBOARD
MEGASTAR,Megastar Foods Limited,INE00EM01016,NSE,Unclassified,Unclassified,MEGASTAR.NS,IN,NSE_MAINBOARD
MEIL,Mangal Electrical Industries Limited,INE0PKD01011,NSE,Unclassified,Unclassified,MEIL.NS,IN,NSE_MAINBOARD
MENNPIS,Menon Pistons Limited,INE650G01029,NSE,Unclassified,Unclassified,MENNPIS.NS,IN,NSE_MAINBOARD
MENONBE,Menon Bearings Limited,INE071D01033,NSE,Unclassified,Unclassified,MENONBE.NS,IN,NSE_MAINBOARD
MEP,MEP Infrastructure Developers Limited,INE776I01010,NSE,Unclassified,Unclassified,MEP.NS,IN,NSE_MAINBOARD
MERCANTILE,Mercantile Ventures Limited,INE689O01013,NSE,Unclassified,Unclassified,MERCANTILE.NS,IN,NSE_MAINBOARD
MERCURYEV,Mercury Ev-Tech Limited,INE763M01028,NSE,Unclassified,Unclassified,MERCURYEV.NS,IN,NSE_MAINBOARD
METROBRAND,Metro Brands Limited,INE317I01021,NSE,Unclassified,Unclassified,METROBRAND.NS,IN,NSE_MAINBOARD
METROGLOBL,Metroglobal Limited,INE085D01033,NSE,Unclassified,Unclassified,METROGLOBL.NS,IN,NSE_MAINBOARD
METROPOLIS,Metropolis Healthcare Limited,INE112L01020,NSE,Unclassified,Unclassified,METROPOLIS.NS,IN,NSE_MAINBOARD
MFML,Mahalaxmi Fabric Mills Limited,INE0US801024,NSE,Unclassified,Unclassified,MFML.NS,IN,NSE_MAINBOARD
MFSL,Max Financial Services Limited,INE180A01020,NSE,Financial Services,Financial Services,MFSL.NS,IN,NSE_MAINBOARD
MGEL,Mangalam Global Enterprise Limited,INE0APB01032,NSE,Unclassified,Unclassified,MGEL.NS,IN,NSE_MAINBOARD
MGL,Mahanagar Gas Limited,INE002S01010,NSE,Unclassified,Unclassified,MGL.NS,IN,NSE_MAINBOARD
MHLXMIRU,Mahalaxmi Rubtech Limited,INE112D01035,NSE,Unclassified,Unclassified,MHLXMIRU.NS,IN,NSE_MAINBOARD
MHRIL,Mahindra Holidays & Resorts India Limited,INE998I01010,NSE,Unclassified,Unclassified,MHRIL.NS,IN,NSE_MAINBOARD
MICEL,MIC Electronics Limited,INE287C01037,NSE,Unclassified,Unclassified,MICEL.NS,IN,NSE_MAINBOARD
MIDHANI,Mishra Dhatu Nigam Limited,INE099Z01011,NSE,Unclassified,Unclassified,MIDHANI.NS,IN,NSE_MAINBOARD
MIDWESTLTD,Midwest Limited,INE0XAD01024,NSE,Unclassified,Unclassified,MIDWESTLTD.NS,IN,NSE_MAINBOARD
MINDACORP,Minda Corporation Limited,INE842C01021,NSE,Unclassified,Unclassified,MINDACORP.NS,IN,NSE_MAINBOARD
MINDTECK,Mindteck (India) Limited,INE110B01017,NSE,Unclassified,Unclassified,MINDTECK.NS,IN,NSE_MAINBOARD
MIRZAINT,Mirza International Limited,INE771A01026,NSE,Unclassified,Unclassified,MIRZAINT.NS,IN,NSE_MAINBOARD
MITCON,MITCON Consultancy & Engineering Services Limited,INE828O01033,NSE,Unclassified,Unclassified,MITCON.NS,IN,NSE_MAINBOARD
MITTAL,Mittal Life Style Limited,INE997Y01027,NSE,Unclassified,Unclassified,MITTAL.NS,IN,NSE_MAINBOARD
MKPL,M K Proteins Limited,INE964W01021,NSE,Unclassified,Unclassified,MKPL.NS,IN,NSE_MAINBOARD
MMFL,MM Forgings Limited,INE227C01017,NSE,Unclassified,Unclassified,MMFL.NS,IN,NSE_MAINBOARD
MMP,MMP Industries Limited,INE511Y01018,NSE,Unclassified,Unclassified,MMP.NS,IN,NSE_MAINBOARD
MMTC,MMTC Limited,INE123F01029,NSE,Unclassified,Unclassified,MMTC.NS,IN,NSE_MAINBOARD
MMWL,Media Matrix Worldwide Limited,INE200D01020,NSE,Unclassified,Unclassified,MMWL.NS,IN,NSE_MAINBOARD
MOBIKWIK,One Mobikwik Systems Limited,INE0HLU01028,NSE,Unclassified,Unclassified,MOBIKWIK.NS,IN,NSE_MAINBOARD
MODINATUR,Modi Naturals Limited,INE537F01012,NSE,Unclassified,Unclassified,MODINATUR.NS,IN,NSE_MAINBOARD
MODIRUBBER,Modi Rubber Limited,INE832A01018,NSE,Unclassified,Unclassified,MODIRUBBER.NS,IN,NSE_MAINBOARD
MODIS,Modis Navnirman Limited,INE0L0L01012,NSE,Unclassified,Unclassified,MODIS.NS,IN,NSE_MAINBOARD
MODISONLTD,MODISON LIMITED,INE737D01021,NSE,Unclassified,Unclassified,MODISONLTD.NS,IN,NSE_MAINBOARD
MODTHREAD,Modern Threads (India) Limited,INE794W01014,NSE,Unclassified,Unclassified,MODTHREAD.NS,IN,NSE_MAINBOARD
MOHITIND,Mohit Industries Limited,INE954E01012,NSE,Unclassified,Unclassified,MOHITIND.NS,IN,NSE_MAINBOARD
MOIL,MOIL Limited,INE490G01020,NSE,Unclassified,Unclassified,MOIL.NS,IN,NSE_MAINBOARD
MOKSH,Moksh Ornaments Limited,INE514Y01020,NSE,Unclassified,Unclassified,MOKSH.NS,IN,NSE_MAINBOARD
MOL,Meghmani Organics Limited,INE0CT101020,NSE,Unclassified,Unclassified,MOL.NS,IN,NSE_MAINBOARD
MOLDTECH,Mold-Tek Technologies Limited,INE835B01035,NSE,Unclassified,Unclassified,MOLDTECH.NS,IN,NSE_MAINBOARD
MOLDTKPAC,Mold-Tek Packaging Limited,INE893J01029,NSE,Unclassified,Unclassified,MOLDTKPAC.NS,IN,NSE_MAINBOARD
MONARCH,Monarch Networth Capital Limited,INE903D01011,NSE,Unclassified,Unclassified,MONARCH.NS,IN,NSE_MAINBOARD
MONEYBOXX,Moneyboxx Finance Limited,INE296Q01012,NSE,Unclassified,Unclassified,MONEYBOXX.NS,IN,NSE_MAINBOARD
MONTECARLO,Monte Carlo Fashions Limited,INE950M01013,NSE,Unclassified,Unclassified,MONTECARLO.NS,IN,NSE_MAINBOARD
MOREPENLAB,Morepen Laboratories Limited,INE083A01026,NSE,Unclassified,Unclassified,MOREPENLAB.NS,IN,NSE_MAINBOARD
MOSCHIP,Moschip Technologies Limited,INE935B01025,NSE,Unclassified,Unclassified,MOSCHIP.NS,IN,NSE_MAINBOARD
MOTHERSON,Samvardhana Motherson International Limited,INE775A01035,NSE,Automobile and Auto Components,Automobile and Auto Components,MOTHERSON.NS,IN,NSE_MAINBOARD
MOTILALOFS,Motilal Oswal Financial Services Limited,INE338I01027,NSE,Financial Services,Financial Services,MOTILALOFS.NS,IN,NSE_MAINBOARD
MOTISONS,Motisons Jewellers Limited,INE0FRK01020,NSE,Unclassified,Unclassified,MOTISONS.NS,IN,NSE_MAINBOARD
MOTOGENFIN,The Motor & General Finance Limited,INE861B01023,NSE,Unclassified,Unclassified,MOTOGENFIN.NS,IN,NSE_MAINBOARD
MPHASIS,MphasiS Limited,INE356A01018,NSE,Information Technology,Information Technology,MPHASIS.NS,IN,NSE_MAINBOARD
MPSLTD,MPS Limited,INE943D01017,NSE,Unclassified,Unclassified,MPSLTD.NS,IN,NSE_MAINBOARD
MRF,MRF Limited,INE883A01011,NSE,Automobile and Auto Components,Automobile and Auto Components,MRF.NS,IN,NSE_MAINBOARD
MRPL,Mangalore Refinery and Petrochemicals Limited,INE103A01014,NSE,Unclassified,Unclassified,MRPL.NS,IN,NSE_MAINBOARD
MSPL,MSP Steel & Power Limited,INE752G01015,NSE,Unclassified,Unclassified,MSPL.NS,IN,NSE_MAINBOARD
MSTCLTD,Mstc Limited,INE255X01014,NSE,Unclassified,Unclassified,MSTCLTD.NS,IN,NSE_MAINBOARD
MSUMI,Motherson Sumi Wiring India Limited,INE0FS801015,NSE,Unclassified,Unclassified,MSUMI.NS,IN,NSE_MAINBOARD
MTARTECH,Mtar Technologies Limited,INE864I01014,NSE,Unclassified,Unclassified,MTARTECH.NS,IN,NSE_MAINBOARD
MTEDUCARE,MT Educare Limited,INE472M01018,NSE,Unclassified,Unclassified,MTEDUCARE.NS,IN,NSE_MAINBOARD
MTNL,Mahanagar Telephone Nigam Limited,INE153A01019,NSE,Unclassified,Unclassified,MTNL.NS,IN,NSE_MAINBOARD
MUFIN,Mufin Green Finance Limited,INE08KJ01020,NSE,Unclassified,Unclassified,MUFIN.NS,IN,NSE_MAINBOARD
MUFTI,Credo Brands Marketing Limited,INE220Q01020,NSE,Unclassified,Unclassified,MUFTI.NS,IN,NSE_MAINBOARD
MUKANDLTD,Mukand Limited,INE304A01026,NSE,Unclassified,Unclassified,MUKANDLTD.NS,IN,NSE_MAINBOARD
MUKKA,Mukka Proteins Limited,INE0CG401037,NSE,Unclassified,Unclassified,MUKKA.NS,IN,NSE_MAINBOARD
MUKTAARTS,Mukta Arts Limited,INE374B01019,NSE,Unclassified,Unclassified,MUKTAARTS.NS,IN,NSE_MAINBOARD
MUNJALAU,Munjal Auto Industries Limited,INE672B01032,NSE,Unclassified,Unclassified,MUNJALAU.NS,IN,NSE_MAINBOARD
MUNJALSHOW,Munjal Showa Limited,INE577A01027,NSE,Unclassified,Unclassified,MUNJALSHOW.NS,IN,NSE_MAINBOARD
MURUDCERA,Murudeshwar Ceramics Limited,INE692B01014,NSE,Unclassified,Unclassified,MURUDCERA.NS,IN,NSE_MAINBOARD
MUTHOOTCAP,Muthoot Capital Services Limited,INE296G01013,NSE,Unclassified,Unclassified,MUTHOOTCAP.NS,IN,NSE_MAINBOARD
MUTHOOTFIN,Muthoot Finance Limited,INE414G01012,NSE,Financial Services,Financial Services,MUTHOOTFIN.NS,IN,NSE_MAINBOARD
MUTHOOTMF,Muthoot Microfin Limited,INE046W01019,NSE,Unclassified,Unclassified,MUTHOOTMF.NS,IN,NSE_MAINBOARD
MVGJL,Manoj Vaibhav Gems N Jewellers Limited,INE0KNT01012,NSE,Unclassified,Unclassified,MVGJL.NS,IN,NSE_MAINBOARD
MWL,Mangalam Worldwide Limited,INE0JYY01029,NSE,Unclassified,Unclassified,MWL.NS,IN,NSE_MAINBOARD
NACLIND,NACL Industries Limited,INE295D01020,NSE,Unclassified,Unclassified,NACLIND.NS,IN,NSE_MAINBOARD
NAGREEKCAP,Nagreeka Capital & Infrastructure Limited,INE245I01016,NSE,Unclassified,Unclassified,NAGREEKCAP.NS,IN,NSE_MAINBOARD
NAGREEKEXP,Nagreeka Exports Limited,INE123B01028,NSE,Unclassified,Unclassified,NAGREEKEXP.NS,IN,NSE_MAINBOARD
NAHARCAP,Nahar Capital and Financial Services Limited,INE049I01012,NSE,Unclassified,Unclassified,NAHARCAP.NS,IN,NSE_MAINBOARD
NAHARINDUS,Nahar Industrial Enterprises Limited,INE289A01011,NSE,Unclassified,Unclassified,NAHARINDUS.NS,IN,NSE_MAINBOARD
NAHARPOLY,Nahar Poly Films Limited,INE308A01027,NSE,Unclassified,Unclassified,NAHARPOLY.NS,IN,NSE_MAINBOARD
NAHARSPING,Nahar Spinning Mills Limited,INE290A01027,NSE,Unclassified,Unclassified,NAHARSPING.NS,IN,NSE_MAINBOARD
NAM-INDIA,Nippon Life India Asset Management Limited,INE298J01013,NSE,Unclassified,Unclassified,NAM-INDIA.NS,IN,NSE_MAINBOARD
NARMADA,Narmada Agrobase Limited,INE117Z01011,NSE,Unclassified,Unclassified,NARMADA.NS,IN,NSE_MAINBOARD
NATCAPSUQ,Natural Capsules Limited,INE936B01015,NSE,Unclassified,Unclassified,NATCAPSUQ.NS,IN,NSE_MAINBOARD
NATCOPHARM,Natco Pharma Limited,INE987B01026,NSE,Unclassified,Unclassified,NATCOPHARM.NS,IN,NSE_MAINBOARD
NATHBIOGEN,Nath Bio-Genes (India) Limited,INE448G01010,NSE,Unclassified,Unclassified,NATHBIOGEN.NS,IN,NSE_MAINBOARD
NATIONALUM,National Aluminium Company Limited,INE139A01034,NSE,Metals & Mining,Metals & Mining,NATIONALUM.NS,IN,NSE_MAINBOARD
NATIONSTD,National Standard (India) Limited,INE166R01015,NSE,Unclassified,Unclassified,NATIONSTD.NS,IN,NSE_MAINBOARD
NAUKRI,Info Edge (India) Limited,INE663F01032,NSE,Consumer Services,Consumer Services,NAUKRI.NS,IN,NSE_MAINBOARD
NAVA,NAVA LIMITED,INE725A01030,NSE,Unclassified,Unclassified,NAVA.NS,IN,NSE_MAINBOARD
NAVINFLUOR,Navin Fluorine International Limited,INE048G01026,NSE,Unclassified,Unclassified,NAVINFLUOR.NS,IN,NSE_MAINBOARD
NAVKARCORP,Navkar Corporation Limited,INE278M01019,NSE,Unclassified,Unclassified,NAVKARCORP.NS,IN,NSE_MAINBOARD
NAVKARURB,Navkar Urbanstructure Limited,INE268H01044,NSE,Unclassified,Unclassified,NAVKARURB.NS,IN,NSE_MAINBOARD
NAVNETEDUL,Navneet Education Limited,INE060A01024,NSE,Unclassified,Unclassified,NAVNETEDUL.NS,IN,NSE_MAINBOARD
NAZARA,Nazara Technologies Limited,INE418L01047,NSE,Unclassified,Unclassified,NAZARA.NS,IN,NSE_MAINBOARD
NBCC,NBCC (India) Limited,INE095N01031,NSE,Unclassified,Unclassified,NBCC.NS,IN,NSE_MAINBOARD
NBIFIN,N. B. I. Industrial Finance Company Limited,INE365I01020,NSE,Unclassified,Unclassified,NBIFIN.NS,IN,NSE_MAINBOARD
NCC,NCC Limited,INE868B01028,NSE,Unclassified,Unclassified,NCC.NS,IN,NSE_MAINBOARD
NCLIND,NCL Industries Limited,INE732C01016,NSE,Unclassified,Unclassified,NCLIND.NS,IN,NSE_MAINBOARD
NDGL,Naga Dhunseri Group Limited,INE756C01015,NSE,Unclassified,Unclassified,NDGL.NS,IN,NSE_MAINBOARD
NDL,Nandan Denim Limited,INE875G01048,NSE,Unclassified,Unclassified,NDL.NS,IN,NSE_MAINBOARD
NDLVENTURE,NDL Ventures Limited,INE353A01023,NSE,Unclassified,Unclassified,NDLVENTURE.NS,IN,NSE_MAINBOARD
NDRAUTO,Ndr Auto Components Limited,INE07OG01012,NSE,Unclassified,Unclassified,NDRAUTO.NS,IN,NSE_MAINBOARD
NDTV,New Delhi Television Limited,INE155G01029,NSE,Unclassified,Unclassified,NDTV.NS,IN,NSE_MAINBOARD
NEAGI,Neelamalai Agro Industries Limited,INE605D01012,NSE,Unclassified,Unclassified,NEAGI.NS,IN,NSE_MAINBOARD
NECCLTD,North Eastern Carrying Corporation Limited,INE553C01016,NSE,Unclassified,Unclassified,NECCLTD.NS,IN,NSE_MAINBOARD
NECLIFE,Nectar Lifesciences Limited,INE023H01027,NSE,Unclassified,Unclassified,NECLIFE.NS,IN,NSE_MAINBOARD
NELCAST,Nelcast Limited,INE189I01024,NSE,Unclassified,Unclassified,NELCAST.NS,IN,NSE_MAINBOARD
NELCO,NELCO Limited,INE045B01015,NSE,Unclassified,Unclassified,NELCO.NS,IN,NSE_MAINBOARD
NEOGEN,Neogen Chemicals Limited,INE136S01016,NSE,Unclassified,Unclassified,NEOGEN.NS,IN,NSE_MAINBOARD
NEPHROPLUS,Nephrocare Health Services Limited,INE428V01029,NSE,Unclassified,Unclassified,NEPHROPLUS.NS,IN,NSE_MAINBOARD
NESCO,Nesco Limited,INE317F01035,NSE,Unclassified,Unclassified,NESCO.NS,IN,NSE_MAINBOARD
NESTLEIND,Nestle India Limited,INE239A01024,NSE,Fast Moving Consumer Goods,Fast Moving Consumer Goods,NESTLEIND.NS,IN,NSE_MAINBOARD
NETWEB,Netweb Technologies India Limited,INE0NT901020,NSE,Unclassified,Unclassified,NETWEB.NS,IN,NSE_MAINBOARD
NETWORK18,Network18 Media & Investments Limited,INE870H01013,NSE,Unclassified,Unclassified,NETWORK18.NS,IN,NSE_MAINBOARD
NEULANDLAB,Neuland Laboratories Limited,INE794A01010,NSE,Unclassified,Unclassified,NEULANDLAB.NS,IN,NSE_MAINBOARD
NEWGEN,Newgen Software Technologies Limited,INE619B01017,NSE,Unclassified,Unclassified,NEWGEN.NS,IN,NSE_MAINBOARD
NEXTMEDIA,Next Mediaworks Limited,INE747B01016,NSE,Unclassified,Unclassified,NEXTMEDIA.NS,IN,NSE_MAINBOARD
NFL,National Fertilizers Limited,INE870D01012,NSE,Unclassified,Unclassified,NFL.NS,IN,NSE_MAINBOARD
NGIL,Nakoda Group of Industries Limited,INE236Y01012,NSE,Unclassified,Unclassified,NGIL.NS,IN,NSE_MAINBOARD
NGLFINE,NGL Fine-Chem Limited,INE887E01022,NSE,Unclassified,Unclassified,NGLFINE.NS,IN,NSE_MAINBOARD
NH,Narayana Hrudayalaya Ltd.,INE410P01011,NSE,Unclassified,Unclassified,NH.NS,IN,NSE_MAINBOARD
NHPC,NHPC Limited,INE848E01016,NSE,Power,Power,NHPC.NS,IN,NSE_MAINBOARD
NIACL,The New India Assurance Company Limited,INE470Y01017,NSE,Unclassified,Unclassified,NIACL.NS,IN,NSE_MAINBOARD
NIBE,NIBE Limited,INE149O01018,NSE,Unclassified,Unclassified,NIBE.NS,IN,NSE_MAINBOARD
NIBL,NRB Industrial Bearings Limited,INE047O01014,NSE,Unclassified,Unclassified,NIBL.NS,IN,NSE_MAINBOARD
NIITLTD,NIIT Limited,INE161A01038,NSE,Unclassified,Unclassified,NIITLTD.NS,IN,NSE_MAINBOARD
NIITMTS,NIIT Learning Systems Limited,INE342G01023,NSE,Unclassified,Unclassified,NIITMTS.NS,IN,NSE_MAINBOARD
NILAINFRA,Nila Infrastructures Limited,INE937C01029,NSE,Unclassified,Unclassified,NILAINFRA.NS,IN,NSE_MAINBOARD
NILASPACES,Nila Spaces Limited,INE00S901012,NSE,Unclassified,Unclassified,NILASPACES.NS,IN,NSE_MAINBOARD
NILE,Nile Limited,INE445D01013,NSE,Unclassified,Unclassified,NILE.NS,IN,NSE_MAINBOARD
NILKAMAL,Nilkamal Limited,INE310A01015,NSE,Unclassified,Unclassified,NILKAMAL.NS,IN,NSE_MAINBOARD
NIMBSPROJ,Nimbus Projects Limited,INE875B01015,NSE,Unclassified,Unclassified,NIMBSPROJ.NS,IN,NSE_MAINBOARD
NINSYS,NINtec Systems Limited,INE395U01014,NSE,Unclassified,Unclassified,NINSYS.NS,IN,NSE_MAINBOARD
NIPPOBATRY,Indo-National Limited,INE567A01028,NSE,Unclassified,Unclassified,NIPPOBATRY.NS,IN,NSE_MAINBOARD
NIRAJ,Niraj Cement Structurals Limited,INE368I01016,NSE,Unclassified,Unclassified,NIRAJ.NS,IN,NSE_MAINBOARD
NIRAJISPAT,Niraj Ispat Industries Limited,INE326T01011,NSE,Unclassified,Unclassified,NIRAJISPAT.NS,IN,NSE_MAINBOARD
NIRLON,Nirlon Limited,INE910A01012,NSE,Unclassified,Unclassified,NIRLON.NS,IN,NSE_MAINBOARD
NITCO,Nitco Limited,INE858F01012,NSE,Unclassified,Unclassified,NITCO.NS,IN,NSE_MAINBOARD
NITINSPIN,Nitin Spinners Limited,INE229H01012,NSE,Unclassified,Unclassified,NITINSPIN.NS,IN,NSE_MAINBOARD
NITIRAJ,Nitiraj Engineers Limited,INE439T01012,NSE,Unclassified,Unclassified,NITIRAJ.NS,IN,NSE_MAINBOARD
NITTAGELA,Nitta Gelatin India Limited,INE265B01019,NSE,Unclassified,Unclassified,NITTAGELA.NS,IN,NSE_MAINBOARD
NIVABUPA,Niva Bupa Health Insurance Company Limited,INE995S01015,NSE,Unclassified,Unclassified,NIVABUPA.NS,IN,NSE_MAINBOARD
NKIND,NK Industries Limited,INE542C01019,NSE,Unclassified,Unclassified,NKIND.NS,IN,NSE_MAINBOARD
NLCINDIA,NLC India Limited,INE589A01014,NSE,Unclassified,Unclassified,NLCINDIA.NS,IN,NSE_MAINBOARD
NMDC,NMDC Limited,INE584A01023,NSE,Metals & Mining,Metals & Mining,NMDC.NS,IN,NSE_MAINBOARD
NOCIL,NOCIL Limited,INE163A01018,NSE,Unclassified,Unclassified,NOCIL.NS,IN,NSE_MAINBOARD
NOIDATOLL,Noida Toll Bridge Company Limited,INE781B01015,NSE,Unclassified,Unclassified,NOIDATOLL.NS,IN,NSE_MAINBOARD
NORBTEAEXP,Norben Tea & Exports Limited,INE369C01017,NSE,Unclassified,Unclassified,NORBTEAEXP.NS,IN,NSE_MAINBOARD
NORTHARC,Northern Arc Capital Limited,INE850M01015,NSE,Unclassified,Unclassified,NORTHARC.NS,IN,NSE_MAINBOARD
NOVAAGRI,Nova Agritech Limited,INE02H701025,NSE,Unclassified,Unclassified,NOVAAGRI.NS,IN,NSE_MAINBOARD
NOVARTIND,Novartis India Limited,INE234A01025,NSE,Unclassified,Unclassified,NOVARTIND.NS,IN,NSE_MAINBOARD
NPST,Network People Services Technologies Limited,INE0FFK01017,NSE,Unclassified,Unclassified,NPST.NS,IN,NSE_MAINBOARD
NRAIL,N R Agarwal Industries Limited,INE740D01017,NSE,Unclassified,Unclassified,NRAIL.NS,IN,NSE_MAINBOARD
NRBBEARING,NRB Bearing Limited,INE349A01021,NSE,Unclassified,Unclassified,NRBBEARING.NS,IN,NSE_MAINBOARD
NRL,Nupur Recyclers Limited,INE0JM501013,NSE,Unclassified,Unclassified,NRL.NS,IN,NSE_MAINBOARD
NSIL,Nalwa Sons Investments Limited,INE023A01030,NSE,Unclassified,Unclassified,NSIL.NS,IN,NSE_MAINBOARD
NSLNISP,NMDC Steel Limited,INE0NNS01018,NSE,Unclassified,Unclassified,NSLNISP.NS,IN,NSE_MAINBOARD
NTPC,NTPC Limited,INE733E01010,NSE,Power,Power,NTPC.NS,IN,NSE_MAINBOARD
NTPCGREEN,NTPC Green Energy Limited,INE0ONG01011,NSE,Unclassified,Unclassified,NTPCGREEN.NS,IN,NSE_MAINBOARD
NUCLEUS,Nucleus Software Exports Limited,INE096B01018,NSE,Unclassified,Unclassified,NUCLEUS.NS,IN,NSE_MAINBOARD
NURECA,Nureca Limited,INE0DSF01015,NSE,Unclassified,Unclassified,NURECA.NS,IN,NSE_MAINBOARD
NUVAMA,Nuvama Wealth Management Limited,INE531F01023,NSE,Unclassified,Unclassified,NUVAMA.NS,IN,NSE_MAINBOARD
NUVOCO,Nuvoco Vistas Corporation Limited,INE118D01016,NSE,Unclassified,Unclassified,NUVOCO.NS,IN,NSE_MAINBOARD
NYKAA,FSN E-Commerce Ventures Limited,INE388Y01029,NSE,Consumer Services,Consumer Services,NYKAA.NS,IN,NSE_MAINBOARD
OAL,Oriental Aromatics Limited,INE959C01023,NSE,Unclassified,Unclassified,OAL.NS,IN,NSE_MAINBOARD
OBCL,OBCL Limited,INE426Z01016,NSE,Unclassified,Unclassified,OBCL.NS,IN,NSE_MAINBOARD
OBEROIRLTY,Oberoi Realty Limited,INE093I01010,NSE,Realty,Realty,OBEROIRLTY.NS,IN,NSE_MAINBOARD
OCCLLTD,OCCL Limited,INE0PK601023,NSE,Unclassified,Unclassified,OCCLLTD.NS,IN,NSE_MAINBOARD
ODIGMA,Odigma Consultancy Solutions Limited,INE054301028,NSE,Unclassified,Unclassified,ODIGMA.NS,IN,NSE_MAINBOARD
OFSS,Oracle Financial Services Software Limited,INE881D01027,NSE,Information Technology,Information Technology,OFSS.NS,IN,NSE_MAINBOARD
OIL,Oil India Limited,INE274J01014,NSE,Oil Gas & Consumable Fuels,Oil Gas & Consumable Fuels,OIL.NS,IN,NSE_MAINBOARD
OILCOUNTUB,Oil Country Tubular Limited,INE591A01010,NSE,Unclassified,Unclassified,OILCOUNTUB.NS,IN,NSE_MAINBOARD
OLAELEC,Ola Electric Mobility Limited,INE0LXG01040,NSE,Unclassified,Unclassified,OLAELEC.NS,IN,NSE_MAINBOARD
OLECTRA,Olectra Greentech Limited,INE260D01016,NSE,Unclassified,Unclassified,OLECTRA.NS,IN,NSE_MAINBOARD
OMAXAUTO,Omax Autos Limited,INE090B01011,NSE,Unclassified,Unclassified,OMAXAUTO.NS,IN,NSE_MAINBOARD
OMAXE,Omaxe Limited,INE800H01010,NSE,Unclassified,Unclassified,OMAXE.NS,IN,NSE_MAINBOARD
OMFREIGHT,Om Freight Forwarders Limited,INE1BZC01019,NSE,Unclassified,Unclassified,OMFREIGHT.NS,IN,NSE_MAINBOARD
OMINFRAL,OM INFRA LIMITED,INE239D01028,NSE,Unclassified,Unclassified,OMINFRAL.NS,IN,NSE_MAINBOARD
OMNI,Omnitech Engineering Limited,INE0UH301010,NSE,Unclassified,Unclassified,OMNI.NS,IN,NSE_MAINBOARD
OMPOWER,Om Power Transmission Limited,INE25E901019,NSE,Unclassified,Unclassified,OMPOWER.NS,IN,NSE_MAINBOARD
ONELIFECAP,Onelife Capital Advisors Limited,INE912L01015,NSE,Unclassified,Unclassified,ONELIFECAP.NS,IN,NSE_MAINBOARD
ONEPOINT,One Point One Solutions Limited,INE840Y01029,NSE,Unclassified,Unclassified,ONEPOINT.NS,IN,NSE_MAINBOARD
ONESOURCE,Onesource Specialty Pharma Limited,INE013P01021,NSE,Unclassified,Unclassified,ONESOURCE.NS,IN,NSE_MAINBOARD
ONGC,Oil & Natural Gas Corporation Limited,INE213A01029,NSE,Oil Gas & Consumable Fuels,Oil Gas & Consumable Fuels,ONGC.NS,IN,NSE_MAINBOARD
ONIDA,Onida Electronics Limited,INE831A01028,NSE,Unclassified,Unclassified,ONIDA.NS,IN,NSE_MAINBOARD
ONMOBILE,OnMobile Global Limited,INE809I01019,NSE,Unclassified,Unclassified,ONMOBILE.NS,IN,NSE_MAINBOARD
ONWARDTEC,Onward Technologies Limited,INE229A01017,NSE,Unclassified,Unclassified,ONWARDTEC.NS,IN,NSE_MAINBOARD
OPTIEMUS,Optiemus Infracom Limited,INE350C01017,NSE,Unclassified,Unclassified,OPTIEMUS.NS,IN,NSE_MAINBOARD
ORBTEXP,Orbit Exports Limited,INE231G01010,NSE,Unclassified,Unclassified,ORBTEXP.NS,IN,NSE_MAINBOARD
ORCHASP,Orchasp Limited,INE215B01022,NSE,Unclassified,Unclassified,ORCHASP.NS,IN,NSE_MAINBOARD
ORCHPHARMA,Orchid Pharma Limited,INE191A01027,NSE,Unclassified,Unclassified,ORCHPHARMA.NS,IN,NSE_MAINBOARD
ORICONENT,Oricon Enterprises Limited,INE730A01022,NSE,Unclassified,Unclassified,ORICONENT.NS,IN,NSE_MAINBOARD
ORIENTALTL,Oriental Trimex Limited,INE998H01012,NSE,Unclassified,Unclassified,ORIENTALTL.NS,IN,NSE_MAINBOARD
ORIENTBELL,Orient Bell Limited,INE607D01018,NSE,Unclassified,Unclassified,ORIENTBELL.NS,IN,NSE_MAINBOARD
ORIENTCEM,Orient Cement Limited,INE876N01018,NSE,Unclassified,Unclassified,ORIENTCEM.NS,IN,NSE_MAINBOARD
ORIENTCER,ORIENT CERATECH LIMITED,INE569C01020,NSE,Unclassified,Unclassified,ORIENTCER.NS,IN,NSE_MAINBOARD
ORIENTELEC,Orient Electric Limited,INE142Z01019,NSE,Unclassified,Unclassified,ORIENTELEC.NS,IN,NSE_MAINBOARD
ORIENTHOT,Oriental Hotels Limited,INE750A01020,NSE,Unclassified,Unclassified,ORIENTHOT.NS,IN,NSE_MAINBOARD
ORIENTLTD,Orient Press Limited,INE609C01024,NSE,Unclassified,Unclassified,ORIENTLTD.NS,IN,NSE_MAINBOARD
ORIENTPPR,Orient Paper & Industries Limited,INE592A01026,NSE,Unclassified,Unclassified,ORIENTPPR.NS,IN,NSE_MAINBOARD
ORIENTTECH,Orient Technologies Limited,INE0PPK01015,NSE,Unclassified,Unclassified,ORIENTTECH.NS,IN,NSE_MAINBOARD
ORISSAMINE,The Orissa Minerals Development Company Limited,INE725E01024,NSE,Unclassified,Unclassified,ORISSAMINE.NS,IN,NSE_MAINBOARD
ORKLAINDIA,Orkla India Limited,INE16NZ01023,NSE,Unclassified,Unclassified,ORKLAINDIA.NS,IN,NSE_MAINBOARD
ORTEL,Ortel Communications Limited,INE849L01019,NSE,Unclassified,Unclassified,ORTEL.NS,IN,NSE_MAINBOARD
ORTINGLOBE,ORTIN GLOBAL LIMITED,INE749B01020,NSE,Unclassified,Unclassified,ORTINGLOBE.NS,IN,NSE_MAINBOARD
OSIAHYPER,Osia Hyper Retail Limited,INE06IR01021,NSE,Unclassified,Unclassified,OSIAHYPER.NS,IN,NSE_MAINBOARD
OSWALAGRO,Oswal Agro Mills Limited,INE142A01012,NSE,Unclassified,Unclassified,OSWALAGRO.NS,IN,NSE_MAINBOARD
OSWALGREEN,Oswal Greentech Limited,INE143A01010,NSE,Unclassified,Unclassified,OSWALGREEN.NS,IN,NSE_MAINBOARD
OSWALPUMPS,Oswal Pumps Limited,INE0BYP01024,NSE,Unclassified,Unclassified,OSWALPUMPS.NS,IN,NSE_MAINBOARD
OSWALSEEDS,ShreeOswal Seeds And Chemicals Limited,INE00IK01029,NSE,Unclassified,Unclassified,OSWALSEEDS.NS,IN,NSE_MAINBOARD
PACEDIGITK,Pace Digitek Limited,INE0S3G01027,NSE,Unclassified,Unclassified,PACEDIGITK.NS,IN,NSE_MAINBOARD
PAGEIND,Page Industries Limited,INE761H01022,NSE,Textiles,Textiles,PAGEIND.NS,IN,NSE_MAINBOARD
PAISALO,Paisalo Digital Limited,INE420C01059,NSE,Unclassified,Unclassified,PAISALO.NS,IN,NSE_MAINBOARD
PAKKA,PAKKA LIMITED,INE551D01018,NSE,Unclassified,Unclassified,PAKKA.NS,IN,NSE_MAINBOARD
PALASHSECU,Palash Securities Limited,INE471W01019,NSE,Unclassified,Unclassified,PALASHSECU.NS,IN,NSE_MAINBOARD
PALREDTEC,Palred Technologies Limited,INE218G01033,NSE,Unclassified,Unclassified,PALREDTEC.NS,IN,NSE_MAINBOARD
PANACEABIO,Panacea Biotec Limited,INE922B01023,NSE,Unclassified,Unclassified,PANACEABIO.NS,IN,NSE_MAINBOARD
PANACHE,Panache Digilife Limited,INE895W01019,NSE,Unclassified,Unclassified,PANACHE.NS,IN,NSE_MAINBOARD
PANAMAPET,Panama Petrochem Limited,INE305C01029,NSE,Unclassified,Unclassified,PANAMAPET.NS,IN,NSE_MAINBOARD
PANSARI,Pansari Developers Limited,INE697V01011,NSE,Unclassified,Unclassified,PANSARI.NS,IN,NSE_MAINBOARD
PAR,Par Drugs And Chemicals Limited,INE04LG01015,NSE,Unclassified,Unclassified,PAR.NS,IN,NSE_MAINBOARD
PARACABLES,Paramount Communications Limited,INE074B01023,NSE,Unclassified,Unclassified,PARACABLES.NS,IN,NSE_MAINBOARD
PARADEEP,Paradeep Phosphates Limited,INE088F01024,NSE,Unclassified,Unclassified,PARADEEP.NS,IN,NSE_MAINBOARD
PARAGMILK,Parag Milk Foods Limited,INE883N01014,NSE,Unclassified,Unclassified,PARAGMILK.NS,IN,NSE_MAINBOARD
PARAS,Paras Defence and Space Technologies Limited,INE045601023,NSE,Unclassified,Unclassified,PARAS.NS,IN,NSE_MAINBOARD
PARASPETRO,Paras Petrofils Limited,INE162C01024,NSE,Unclassified,Unclassified,PARASPETRO.NS,IN,NSE_MAINBOARD
PARKHOSPS,Park Medi World Limited,INE119201023,NSE,Unclassified,Unclassified,PARKHOSPS.NS,IN,NSE_MAINBOARD
PARKHOTELS,Apeejay Surrendra Park Hotels Limited,INE988S01028,NSE,Unclassified,Unclassified,PARKHOTELS.NS,IN,NSE_MAINBOARD
PARSVNATH,Parsvnath Developers Limited,INE561H01026,NSE,Unclassified,Unclassified,PARSVNATH.NS,IN,NSE_MAINBOARD
PASHUPATI,Pashupati Cotspin Limited,INE124Y01028,NSE,Unclassified,Unclassified,PASHUPATI.NS,IN,NSE_MAINBOARD
PASUPTAC,Pasupati Acrylon Limited,INE818B01023,NSE,Unclassified,Unclassified,PASUPTAC.NS,IN,NSE_MAINBOARD
PATANJALI,Patanjali Foods Limited,INE619A01035,NSE,Fast Moving Consumer Goods,Fast Moving Consumer Goods,PATANJALI.NS,IN,NSE_MAINBOARD
PATELENG,Patel Engineering Limited,INE244B01030,NSE,Unclassified,Unclassified,PATELENG.NS,IN,NSE_MAINBOARD
PATELRMART,Patel Retail Limited,INE0R8B01010,NSE,Unclassified,Unclassified,PATELRMART.NS,IN,NSE_MAINBOARD
PATINTLOG,Patel Integrated Logistics Limited,INE529D01014,NSE,Unclassified,Unclassified,PATINTLOG.NS,IN,NSE_MAINBOARD
PAUSHAKLTD,Paushak Limited,INE111F01024,NSE,Unclassified,Unclassified,PAUSHAKLTD.NS,IN,NSE_MAINBOARD
PAVNAIND,Pavna Industries Limited,INE07S101038,NSE,Unclassified,Unclassified,PAVNAIND.NS,IN,NSE_MAINBOARD
PAYTM,One 97 Communications Limited,INE982J01020,NSE,Financial Services,Financial Services,PAYTM.NS,IN,NSE_MAINBOARD
PCBL,PCBL Chemical Limited,INE602A01031,NSE,Unclassified,Unclassified,PCBL.NS,IN,NSE_MAINBOARD
PCJEWELLER,PC Jeweller Limited,INE785M01021,NSE,Unclassified,Unclassified,PCJEWELLER.NS,IN,NSE_MAINBOARD
PDMJEPAPER,Pudumjee Paper Products Limited,INE865T01018,NSE,Unclassified,Unclassified,PDMJEPAPER.NS,IN,NSE_MAINBOARD
PDSL,PDS Limited,INE111Q01021,NSE,Unclassified,Unclassified,PDSL.NS,IN,NSE_MAINBOARD
PEARLPOLY,Pearl Polymers Limited,INE844A01013,NSE,Unclassified,Unclassified,PEARLPOLY.NS,IN,NSE_MAINBOARD
PENIND,Pennar Industries Limited,INE932A01024,NSE,Unclassified,Unclassified,PENIND.NS,IN,NSE_MAINBOARD
PENINLAND,Peninsula Land Limited,INE138A01028,NSE,Unclassified,Unclassified,PENINLAND.NS,IN,NSE_MAINBOARD
PERSISTENT,Persistent Systems Limited,INE262H01021,NSE,Information Technology,Information Technology,PERSISTENT.NS,IN,NSE_MAINBOARD
PETRONET,Petronet LNG Limited,INE347G01014,NSE,Unclassified,Unclassified,PETRONET.NS,IN,NSE_MAINBOARD
PFC,Power Finance Corporation Limited,INE134E01011,NSE,Financial Services,Financial Services,PFC.NS,IN,NSE_MAINBOARD
PFIZER,Pfizer Limited,INE182A01018,NSE,Unclassified,Unclassified,PFIZER.NS,IN,NSE_MAINBOARD
PFOCUS,Prime Focus Limited,INE367G01038,NSE,Unclassified,Unclassified,PFOCUS.NS,IN,NSE_MAINBOARD
PFS,PTC India Financial Services Limited,INE560K01014,NSE,Unclassified,Unclassified,PFS.NS,IN,NSE_MAINBOARD
PGEL,PG Electroplast Limited,INE457L01029,NSE,Unclassified,Unclassified,PGEL.NS,IN,NSE_MAINBOARD
PGHH,Procter & Gamble Hygiene and Health Care Limited,INE179A01014,NSE,Unclassified,Unclassified,PGHH.NS,IN,NSE_MAINBOARD
PGHL,Procter & Gamble Health Limited,INE199A01012,NSE,Unclassified,Unclassified,PGHL.NS,IN,NSE_MAINBOARD
PGIL,Pearl Global Industries Limited,INE940H01022,NSE,Unclassified,Unclassified,PGIL.NS,IN,NSE_MAINBOARD
PHOENIXLTD,The Phoenix Mills Limited,INE211B01039,NSE,Realty,Realty,PHOENIXLTD.NS,IN,NSE_MAINBOARD
PICCADIL,Piccadily Agro Industries Limited,INE546C01010,NSE,Unclassified,Unclassified,PICCADIL.NS,IN,NSE_MAINBOARD
PIDILITIND,Pidilite Industries Limited,INE318A01026,NSE,Chemicals,Chemicals,PIDILITIND.NS,IN,NSE_MAINBOARD
PIGL,Power & Instrumentation (Gujarat) Limited,INE557Z01018,NSE,Unclassified,Unclassified,PIGL.NS,IN,NSE_MAINBOARD
PIIND,PI Industries Limited,INE603J01030,NSE,Chemicals,Chemicals,PIIND.NS,IN,NSE_MAINBOARD
PILANIINVS,Pilani Investment and Industries Corporation Limited,INE417C01014,NSE,Unclassified,Unclassified,PILANIINVS.NS,IN,NSE_MAINBOARD
PILITA,PIL ITALICA LIFESTYLE LIMITED,INE600A01035,NSE,Unclassified,Unclassified,PILITA.NS,IN,NSE_MAINBOARD
PINELABS,Pine Labs Limited,INE15B701018,NSE,Unclassified,Unclassified,PINELABS.NS,IN,NSE_MAINBOARD
PIONEEREMB,Pioneer Embroideries Limited,INE156C01018,NSE,Unclassified,Unclassified,PIONEEREMB.NS,IN,NSE_MAINBOARD
PIONRINV,Pioneer Investcorp Limited,INE746D01014,NSE,Unclassified,Unclassified,PIONRINV.NS,IN,NSE_MAINBOARD
PIRAMALFIN,Piramal Finance Limited,INE202B01038,NSE,Unclassified,Unclassified,PIRAMALFIN.NS,IN,NSE_MAINBOARD
PITTIENG,Pitti Engineering Limited,INE450D01021,NSE,Unclassified,Unclassified,PITTIENG.NS,IN,NSE_MAINBOARD
PIXTRANS,Pix Transmissions Limited,INE751B01018,NSE,Unclassified,Unclassified,PIXTRANS.NS,IN,NSE_MAINBOARD
PKTEA,The Peria Karamalai Tea & Produce Company Limited,INE431F01018,NSE,Unclassified,Unclassified,PKTEA.NS,IN,NSE_MAINBOARD
PLASTIBLEN,Plastiblends India Limited,INE083C01022,NSE,Unclassified,Unclassified,PLASTIBLEN.NS,IN,NSE_MAINBOARD
PLATIND,Platinum Industries Limited,INE0PT501018,NSE,Unclassified,Unclassified,PLATIND.NS,IN,NSE_MAINBOARD
PLAZACABLE,Plaza Wires Limited,INE0INJ01017,NSE,Unclassified,Unclassified,PLAZACABLE.NS,IN,NSE_MAINBOARD
PML,Paul Merchants Limited,INE291E01019,NSE,Unclassified,Unclassified,PML.NS,IN,NSE_MAINBOARD
PNB,Punjab National Bank,INE160A01022,NSE,Financial Services,Financial Services,PNB.NS,IN,NSE_MAINBOARD
PNBGILTS,PNB Gilts Limited,INE859A01011,NSE,Unclassified,Unclassified,PNBGILTS.NS,IN,NSE_MAINBOARD
PNBHOUSING,PNB Housing Finance Limited,INE572E01012,NSE,Unclassified,Unclassified,PNBHOUSING.NS,IN,NSE_MAINBOARD
PNC,Pritish Nandy Communications Limited,INE392B01011,NSE,Unclassified,Unclassified,PNC.NS,IN,NSE_MAINBOARD
PNCINFRA,PNC Infratech Limited,INE195J01029,NSE,Unclassified,Unclassified,PNCINFRA.NS,IN,NSE_MAINBOARD
PNGJL,P N Gadgil Jewellers Limited,INE953R01016,NSE,Unclassified,Unclassified,PNGJL.NS,IN,NSE_MAINBOARD
PNGSREVA,PNGS Reva Diamond Jewellery Limited,INE1RDG01013,NSE,Unclassified,Unclassified,PNGSREVA.NS,IN,NSE_MAINBOARD
POCL,Pondy Oxides & Chemicals Limited,INE063E01061,NSE,Unclassified,Unclassified,POCL.NS,IN,NSE_MAINBOARD
PODDARMENT,Poddar Pigments Limited,INE371C01013,NSE,Unclassified,Unclassified,PODDARMENT.NS,IN,NSE_MAINBOARD
POKARNA,Pokarna Limited,INE637C01025,NSE,Unclassified,Unclassified,POKARNA.NS,IN,NSE_MAINBOARD
POLICYBZR,PB Fintech Limited,INE417T01026,NSE,Financial Services,Financial Services,POLICYBZR.NS,IN,NSE_MAINBOARD
POLYCAB,Polycab India Limited,INE455K01017,NSE,Capital Goods,Capital Goods,POLYCAB.NS,IN,NSE_MAINBOARD
POLYMED,Poly Medicure Limited,INE205C01021,NSE,Unclassified,Unclassified,POLYMED.NS,IN,NSE_MAINBOARD
POLYPLEX,Polyplex Corporation Limited,INE633B01018,NSE,Unclassified,Unclassified,POLYPLEX.NS,IN,NSE_MAINBOARD
PONNIERODE,Ponni Sugars (Erode) Limited,INE838E01017,NSE,Unclassified,Unclassified,PONNIERODE.NS,IN,NSE_MAINBOARD
POONAWALLA,Poonawalla Fincorp Limited,INE511C01022,NSE,Unclassified,Unclassified,POONAWALLA.NS,IN,NSE_MAINBOARD
POWERGRID,Power Grid Corporation of India Limited,INE752E01010,NSE,Power,Power,POWERGRID.NS,IN,NSE_MAINBOARD
POWERICA,Powerica Limited,INE921L01032,NSE,Unclassified,Unclassified,POWERICA.NS,IN,NSE_MAINBOARD
POWERINDIA,Hitachi Energy India Limited,INE07Y701011,NSE,Capital Goods,Capital Goods,POWERINDIA.NS,IN,NSE_MAINBOARD
POWERMECH,Power Mech Projects Limited,INE211R01019,NSE,Unclassified,Unclassified,POWERMECH.NS,IN,NSE_MAINBOARD
PPAP,PPAP Automotive Limited,INE095I01015,NSE,Unclassified,Unclassified,PPAP.NS,IN,NSE_MAINBOARD
PPL,Prakash Pipes Limited,INE050001010,NSE,Unclassified,Unclassified,PPL.NS,IN,NSE_MAINBOARD
PPLPHARMA,Piramal Pharma Limited,INE0DK501011,NSE,Unclassified,Unclassified,PPLPHARMA.NS,IN,NSE_MAINBOARD
PRABHA,Prabha Energy Limited,INE0I0M01023,NSE,Unclassified,Unclassified,PRABHA.NS,IN,NSE_MAINBOARD
PRADPME,Pradeep Metals Limited,INE770A01010,NSE,Unclassified,Unclassified,PRADPME.NS,IN,NSE_MAINBOARD
PRAENG,Prajay Engineers Syndicate Limited,INE505C01016,NSE,Unclassified,Unclassified,PRAENG.NS,IN,NSE_MAINBOARD
PRAJIND,Praj Industries Limited,INE074A01025,NSE,Unclassified,Unclassified,PRAJIND.NS,IN,NSE_MAINBOARD
PRAKASH,Prakash Industries Limited,INE603A01013,NSE,Unclassified,Unclassified,PRAKASH.NS,IN,NSE_MAINBOARD
PRAKASHSTL,Prakash Steelage Limited,INE696K01024,NSE,Unclassified,Unclassified,PRAKASHSTL.NS,IN,NSE_MAINBOARD
PRAVEG,Praveg Limited,INE722B01019,NSE,Unclassified,Unclassified,PRAVEG.NS,IN,NSE_MAINBOARD
PRAXIS,Praxis Home Retail Limited,INE546Y01022,NSE,Unclassified,Unclassified,PRAXIS.NS,IN,NSE_MAINBOARD
PRECAM,Precision Camshafts Limited,INE484I01029,NSE,Unclassified,Unclassified,PRECAM.NS,IN,NSE_MAINBOARD
PRECOT,Precot Limited,INE283A01014,NSE,Unclassified,Unclassified,PRECOT.NS,IN,NSE_MAINBOARD
PRECWIRE,Precision Wires India Limited,INE372C01037,NSE,Unclassified,Unclassified,PRECWIRE.NS,IN,NSE_MAINBOARD
PREMCO,Premco Global Limited,INE001E01012,NSE,Unclassified,Unclassified,PREMCO.NS,IN,NSE_MAINBOARD
PREMEXPLN,Premier Explosives Limited,INE863B01029,NSE,Unclassified,Unclassified,PREMEXPLN.NS,IN,NSE_MAINBOARD
PREMIER,Premier Limited,INE342A01018,NSE,Unclassified,Unclassified,PREMIER.NS,IN,NSE_MAINBOARD
PREMIERENE,Premier Energies Limited,INE0BS701011,NSE,Capital Goods,Capital Goods,PREMIERENE.NS,IN,NSE_MAINBOARD
PREMIERPOL,Premier Polyfilm Limited,INE309M01020,NSE,Unclassified,Unclassified,PREMIERPOL.NS,IN,NSE_MAINBOARD
PRESTIGE,Prestige Estates Projects Limited,INE811K01011,NSE,Realty,Realty,PRESTIGE.NS,IN,NSE_MAINBOARD
PRICOLLTD,Pricol Limited,INE726V01018,NSE,Unclassified,Unclassified,PRICOLLTD.NS,IN,NSE_MAINBOARD
PRIMESECU,Prime Securities Limited,INE032B01021,NSE,Unclassified,Unclassified,PRIMESECU.NS,IN,NSE_MAINBOARD
PRIMO,Primo Chemicals Limited,INE607A01022,NSE,Unclassified,Unclassified,PRIMO.NS,IN,NSE_MAINBOARD
PRINCEPIPE,Prince Pipes And Fittings Limited,INE689W01016,NSE,Unclassified,Unclassified,PRINCEPIPE.NS,IN,NSE_MAINBOARD
PRITI,Priti International Limited,INE974Z01015,NSE,Unclassified,Unclassified,PRITI.NS,IN,NSE_MAINBOARD
PRITIKAUTO,Pritika Auto Industries Limited,INE583R01029,NSE,Unclassified,Unclassified,PRITIKAUTO.NS,IN,NSE_MAINBOARD
PRIVISCL,Privi Speciality Chemicals Limited,INE959A01019,NSE,Unclassified,Unclassified,PRIVISCL.NS,IN,NSE_MAINBOARD
PROSTARM,Prostarm Info Systems Limited,INE0BX301013,NSE,Unclassified,Unclassified,PROSTARM.NS,IN,NSE_MAINBOARD
PROTEAN,Protean eGov Technologies Limited,INE004A01022,NSE,Unclassified,Unclassified,PROTEAN.NS,IN,NSE_MAINBOARD
PROZONER,Prozone Realty Limited,INE195N01013,NSE,Unclassified,Unclassified,PROZONER.NS,IN,NSE_MAINBOARD
PRSMJOHNSN,Prism Johnson Limited,INE010A01011,NSE,Unclassified,Unclassified,PRSMJOHNSN.NS,IN,NSE_MAINBOARD
PRUDENT,Prudent Corporate Advisory Services Limited,INE00F201020,NSE,Unclassified,Unclassified,PRUDENT.NS,IN,NSE_MAINBOARD
PRUDMOULI,Prudential Sugar Corporation Limited,INE024D01016,NSE,Unclassified,Unclassified,PRUDMOULI.NS,IN,NSE_MAINBOARD
PSB,Punjab & Sind Bank,INE608A01012,NSE,Unclassified,Unclassified,PSB.NS,IN,NSE_MAINBOARD
PSPPROJECT,PSP Projects Limited,INE488V01015,NSE,Unclassified,Unclassified,PSPPROJECT.NS,IN,NSE_MAINBOARD
PTC,PTC India Limited,INE877F01012,NSE,Unclassified,Unclassified,PTC.NS,IN,NSE_MAINBOARD
PTCIL,PTC Industries Limited,INE596F01018,NSE,Unclassified,Unclassified,PTCIL.NS,IN,NSE_MAINBOARD
PTL,PTL Enterprises Limited,INE034D01049,NSE,Unclassified,Unclassified,PTL.NS,IN,NSE_MAINBOARD
PUNJABCHEM,Punjab Chemicals & Crop Protection Limited,INE277B01014,NSE,Unclassified,Unclassified,PUNJABCHEM.NS,IN,NSE_MAINBOARD
PURVA,Puravankara Limited,INE323I01011,NSE,Unclassified,Unclassified,PURVA.NS,IN,NSE_MAINBOARD
PVP,PVP Ventures Limited,INE362A01016,NSE,Unclassified,Unclassified,PVP.NS,IN,NSE_MAINBOARD
PVRINOX,PVR INOX Limited,INE191H01014,NSE,Unclassified,Unclassified,PVRINOX.NS,IN,NSE_MAINBOARD
PVSL,Popular Vehicles and Services Limited,INE772T01024,NSE,Unclassified,Unclassified,PVSL.NS,IN,NSE_MAINBOARD
PWL,Physicswallah Limited,INE0LP301011,NSE,Unclassified,Unclassified,PWL.NS,IN,NSE_MAINBOARD
PYRAMID,Pyramid Technoplast Limited,INE0MIS01010,NSE,Unclassified,Unclassified,PYRAMID.NS,IN,NSE_MAINBOARD
QMSMEDI,QMS Medical Allied Services Limited,INE0FMW01018,NSE,Unclassified,Unclassified,QMSMEDI.NS,IN,NSE_MAINBOARD
QPOWER,Quality Power Electrical Equipments Limited,INE0SII01026,NSE,Unclassified,Unclassified,QPOWER.NS,IN,NSE_MAINBOARD
QUADFUTURE,Quadrant Future Tek Limited,INE0LRY01011,NSE,Unclassified,Unclassified,QUADFUTURE.NS,IN,NSE_MAINBOARD
QUESS,Quess Corp Limited,INE615P01015,NSE,Unclassified,Unclassified,QUESS.NS,IN,NSE_MAINBOARD
QUICKHEAL,Quick Heal Technologies Limited,INE306L01010,NSE,Unclassified,Unclassified,QUICKHEAL.NS,IN,NSE_MAINBOARD
QUINT,Quint Digital Limited,INE641R01017,NSE,Unclassified,Unclassified,QUINT.NS,IN,NSE_MAINBOARD
RACE,Race Eco Chain Limited,INE084Q01012,NSE,Unclassified,Unclassified,RACE.NS,IN,NSE_MAINBOARD
RACLGEAR,RACL Geartech Limited,INE704B01017,NSE,Unclassified,Unclassified,RACLGEAR.NS,IN,NSE_MAINBOARD
RADAAN,Radaan Mediaworks India Limited,INE874F01027,NSE,Unclassified,Unclassified,RADAAN.NS,IN,NSE_MAINBOARD
RADHIKAJWE,Radhika Jeweltech Limited,INE583V01021,NSE,Unclassified,Unclassified,RADHIKAJWE.NS,IN,NSE_MAINBOARD
RADIANTCMS,Radiant Cash Management Services Limited,INE855R01021,NSE,Unclassified,Unclassified,RADIANTCMS.NS,IN,NSE_MAINBOARD
RADICO,Radico Khaitan Limited,INE944F01028,NSE,Fast Moving Consumer Goods,Fast Moving Consumer Goods,RADICO.NS,IN,NSE_MAINBOARD
RADIOCITY,Music Broadcast Limited,INE919I01024,NSE,Unclassified,Unclassified,RADIOCITY.NS,IN,NSE_MAINBOARD
RAILTEL,Railtel Corporation Of India Limited,INE0DD101019,NSE,Unclassified,Unclassified,RAILTEL.NS,IN,NSE_MAINBOARD
RAIN,Rain Industries Limited,INE855B01025,NSE,Unclassified,Unclassified,RAIN.NS,IN,NSE_MAINBOARD
RAINBOW,Rainbow Childrens Medicare Limited,INE961O01016,NSE,Unclassified,Unclassified,RAINBOW.NS,IN,NSE_MAINBOARD
RAJESHEXPO,Rajesh Exports Limited,INE343B01030,NSE,Unclassified,Unclassified,RAJESHEXPO.NS,IN,NSE_MAINBOARD
RAJMET,Rajnandini Metal Limited,INE00KV01022,NSE,Unclassified,Unclassified,RAJMET.NS,IN,NSE_MAINBOARD
RAJOOENG,Rajoo Engineers Limited,INE535F01024,NSE,Unclassified,Unclassified,RAJOOENG.NS,IN,NSE_MAINBOARD
RAJPALAYAM,Rajapalayam Mills Limited,INE296E01026,NSE,Unclassified,Unclassified,RAJPALAYAM.NS,IN,NSE_MAINBOARD
RAJRATAN,Rajratan Global Wire Limited,INE451D01029,NSE,Unclassified,Unclassified,RAJRATAN.NS,IN,NSE_MAINBOARD
RAJRILTD,Raj Rayon Industries Limited,INE533D01032,NSE,Unclassified,Unclassified,RAJRILTD.NS,IN,NSE_MAINBOARD
RAJSREESUG,Rajshree Sugars & Chemicals Limited,INE562B01019,NSE,Unclassified,Unclassified,RAJSREESUG.NS,IN,NSE_MAINBOARD
RAJTV,Raj Television Network Limited,INE952H01027,NSE,Unclassified,Unclassified,RAJTV.NS,IN,NSE_MAINBOARD
RALLIS,Rallis India Limited,INE613A01020,NSE,Unclassified,Unclassified,RALLIS.NS,IN,NSE_MAINBOARD
RAMANEWS,Shree Rama Newsprint Limited,INE278B01020,NSE,Unclassified,Unclassified,RAMANEWS.NS,IN,NSE_MAINBOARD
RAMAPHO,Rama Phosphates Limited,INE809A01032,NSE,Unclassified,Unclassified,RAMAPHO.NS,IN,NSE_MAINBOARD
RAMASTEEL,Rama Steel Tubes Limited,INE230R01035,NSE,Unclassified,Unclassified,RAMASTEEL.NS,IN,NSE_MAINBOARD
RAMBHAJO,Advit Jewels Limited,INE1SJO01012,NSE,Unclassified,Unclassified,RAMBHAJO.NS,IN,NSE_MAINBOARD
RAMCOCEM,The Ramco Cements Limited,INE331A01037,NSE,Unclassified,Unclassified,RAMCOCEM.NS,IN,NSE_MAINBOARD
RAMCOIND,Ramco Industries Limited,INE614A01028,NSE,Unclassified,Unclassified,RAMCOIND.NS,IN,NSE_MAINBOARD
RAMCOSYS,Ramco Systems Limited,INE246B01019,NSE,Unclassified,Unclassified,RAMCOSYS.NS,IN,NSE_MAINBOARD
RAMKY,Ramky Infrastructure Limited,INE874I01013,NSE,Unclassified,Unclassified,RAMKY.NS,IN,NSE_MAINBOARD
RAMRAT,Ram Ratna Wires Limited,INE207E01023,NSE,Unclassified,Unclassified,RAMRAT.NS,IN,NSE_MAINBOARD
RANASUG,Rana Sugars Limited,INE625B01014,NSE,Unclassified,Unclassified,RANASUG.NS,IN,NSE_MAINBOARD
RANEHOLDIN,Rane Holdings Limited,INE384A01010,NSE,Unclassified,Unclassified,RANEHOLDIN.NS,IN,NSE_MAINBOARD
RATEGAIN,Rategain Travel Technologies Limited,INE0CLI01024,NSE,Unclassified,Unclassified,RATEGAIN.NS,IN,NSE_MAINBOARD
RATNAMANI,Ratnamani Metals & Tubes Limited,INE703B01027,NSE,Unclassified,Unclassified,RATNAMANI.NS,IN,NSE_MAINBOARD
RATNAVEER,Ratnaveer Precision Engineering Limited,INE05CZ01011,NSE,Unclassified,Unclassified,RATNAVEER.NS,IN,NSE_MAINBOARD
RAYMOND,Raymond Limited,INE301A01014,NSE,Unclassified,Unclassified,RAYMOND.NS,IN,NSE_MAINBOARD
RAYMONDLSL,Raymond Lifestyle Limited,INE02ID01020,NSE,Unclassified,Unclassified,RAYMONDLSL.NS,IN,NSE_MAINBOARD
RAYMONDREL,Raymond Realty Limited,INE1SY401010,NSE,Unclassified,Unclassified,RAYMONDREL.NS,IN,NSE_MAINBOARD
RBA,Restaurant Brands Asia Limited,INE07T201019,NSE,Unclassified,Unclassified,RBA.NS,IN,NSE_MAINBOARD
RBLBANK,RBL Bank Limited,INE976G01028,NSE,Unclassified,Unclassified,RBLBANK.NS,IN,NSE_MAINBOARD
RBZJEWEL,RBZ Jewellers Limited,INE0PEQ01016,NSE,Unclassified,Unclassified,RBZJEWEL.NS,IN,NSE_MAINBOARD
RCF,Rashtriya Chemicals and Fertilizers Limited,INE027A01015,NSE,Unclassified,Unclassified,RCF.NS,IN,NSE_MAINBOARD
RCOM,Reliance Communications Limited,INE330H01018,NSE,Unclassified,Unclassified,RCOM.NS,IN,NSE_MAINBOARD
RECLTD,REC Limited,INE020B01018,NSE,Financial Services,Financial Services,RECLTD.NS,IN,NSE_MAINBOARD
REDINGTON,Redington Limited,INE891D01026,NSE,Unclassified,Unclassified,REDINGTON.NS,IN,NSE_MAINBOARD
REDTAPE,Redtape Limited,INE0LXT01019,NSE,Unclassified,Unclassified,REDTAPE.NS,IN,NSE_MAINBOARD
REFEX,Refex Industries Limited,INE056I01025,NSE,Unclassified,Unclassified,REFEX.NS,IN,NSE_MAINBOARD
REGAAL,Regaal Resources Limited,INE0MHO01029,NSE,Unclassified,Unclassified,REGAAL.NS,IN,NSE_MAINBOARD
REGENCERAM,Regency Ceramics Limited,INE277C01012,NSE,Unclassified,Unclassified,REGENCERAM.NS,IN,NSE_MAINBOARD
RELAXO,Relaxo Footwears Limited,INE131B01039,NSE,Unclassified,Unclassified,RELAXO.NS,IN,NSE_MAINBOARD
RELCHEMQ,Reliance Chemotex Industries Limited,INE750D01016,NSE,Unclassified,Unclassified,RELCHEMQ.NS,IN,NSE_MAINBOARD
RELIABLE,Reliable Data Services Limited,INE375Y01018,NSE,Unclassified,Unclassified,RELIABLE.NS,IN,NSE_MAINBOARD
RELIANCE,Reliance Industries Limited,INE002A01018,NSE,Oil Gas & Consumable Fuels,Oil Gas & Consumable Fuels,RELIANCE.NS,IN,NSE_MAINBOARD
RELIGARE,Religare Enterprises Limited,INE621H01010,NSE,Unclassified,Unclassified,RELIGARE.NS,IN,NSE_MAINBOARD
RELTD,Ravindra Energy Limited,INE206N01018,NSE,Unclassified,Unclassified,RELTD.NS,IN,NSE_MAINBOARD
REMSONSIND,Remsons Industries Limited,INE474C01023,NSE,Unclassified,Unclassified,REMSONSIND.NS,IN,NSE_MAINBOARD
RENUKA,Shree Renuka Sugars Limited,INE087H01022,NSE,Unclassified,Unclassified,RENUKA.NS,IN,NSE_MAINBOARD
REPCOHOME,Repco Home Finance Limited,INE612J01015,NSE,Unclassified,Unclassified,REPCOHOME.NS,IN,NSE_MAINBOARD
REPL,Rudrabhishek Enterprises Limited,INE364Z01019,NSE,Unclassified,Unclassified,REPL.NS,IN,NSE_MAINBOARD
REPRO,Repro India Limited,INE461B01014,NSE,Unclassified,Unclassified,REPRO.NS,IN,NSE_MAINBOARD
RESPONIND,Responsive Industries Limited,INE688D01026,NSE,Unclassified,Unclassified,RESPONIND.NS,IN,NSE_MAINBOARD
RETAIL,JHS Svendgaard Retail Ventures Limited,INE03DD01011,NSE,Unclassified,Unclassified,RETAIL.NS,IN,NSE_MAINBOARD
RGL,Renaissance Global Limited,INE722H01024,NSE,Unclassified,Unclassified,RGL.NS,IN,NSE_MAINBOARD
RHETAN,Rhetan TMT Limited,INE0KKN01029,NSE,Unclassified,Unclassified,RHETAN.NS,IN,NSE_MAINBOARD
RHFL,Reliance Home Finance Limited,INE217K01011,NSE,Unclassified,Unclassified,RHFL.NS,IN,NSE_MAINBOARD
RHIM,RHI MAGNESITA INDIA LIMITED,INE743M01012,NSE,Unclassified,Unclassified,RHIM.NS,IN,NSE_MAINBOARD
RHL,Robust Hotels Limited,INE508K01013,NSE,Unclassified,Unclassified,RHL.NS,IN,NSE_MAINBOARD
RICOAUTO,Rico Auto Industries Limited,INE209B01025,NSE,Unclassified,Unclassified,RICOAUTO.NS,IN,NSE_MAINBOARD
RIIL,Reliance Industrial Infrastructure Limited,INE046A01015,NSE,Unclassified,Unclassified,RIIL.NS,IN,NSE_MAINBOARD
RIR,RIR Power Electronics Limited,INE302D01024,NSE,Unclassified,Unclassified,RIR.NS,IN,NSE_MAINBOARD
RISHABH,Rishabh Instruments Limited,INE0N2P01017,NSE,Unclassified,Unclassified,RISHABH.NS,IN,NSE_MAINBOARD
RITCO,Ritco Logistics Limited,INE01EG01016,NSE,Unclassified,Unclassified,RITCO.NS,IN,NSE_MAINBOARD
RITES,RITES Limited,INE320J01015,NSE,Unclassified,Unclassified,RITES.NS,IN,NSE_MAINBOARD
RKDL,Ravi Kumar Distilleries Limited,INE722J01012,NSE,Unclassified,Unclassified,RKDL.NS,IN,NSE_MAINBOARD
RKEC,RKEC Projects Limited,INE786W01010,NSE,Unclassified,Unclassified,RKEC.NS,IN,NSE_MAINBOARD
RKFORGE,Ramkrishna Forgings Limited,INE399G01023,NSE,Unclassified,Unclassified,RKFORGE.NS,IN,NSE_MAINBOARD
RKSWAMY,R K Swamy Limited,INE0NQ801033,NSE,Unclassified,Unclassified,RKSWAMY.NS,IN,NSE_MAINBOARD
RMC,RMC Switchgears Limited,INE655V01019,NSE,Unclassified,Unclassified,RMC.NS,IN,NSE_MAINBOARD
RMDRIP,R M Drip and Sprinklers Systems Limited,INE219Y01026,NSE,Unclassified,Unclassified,RMDRIP.NS,IN,NSE_MAINBOARD
RML,Rane (Madras) Limited,INE050H01012,NSE,Unclassified,Unclassified,RML.NS,IN,NSE_MAINBOARD
RNBDENIMS,R&B Denims Limited,INE012Q01039,NSE,Unclassified,Unclassified,RNBDENIMS.NS,IN,NSE_MAINBOARD
ROHLTD,Royal Orchid Hotels Limited,INE283H01019,NSE,Unclassified,Unclassified,ROHLTD.NS,IN,NSE_MAINBOARD
ROLEXRINGS,Rolex Rings Limited,INE645S01024,NSE,Unclassified,Unclassified,ROLEXRINGS.NS,IN,NSE_MAINBOARD
ROLLT,Rollatainers Limited,INE927A01040,NSE,Unclassified,Unclassified,ROLLT.NS,IN,NSE_MAINBOARD
ROML,Raj Oil Mills Limited,INE294G01026,NSE,Unclassified,Unclassified,ROML.NS,IN,NSE_MAINBOARD
ROSSARI,Rossari Biotech Limited,INE02A801020,NSE,Unclassified,Unclassified,ROSSARI.NS,IN,NSE_MAINBOARD
ROSSELLIND,Rossell India Limited,INE847C01020,NSE,Unclassified,Unclassified,ROSSELLIND.NS,IN,NSE_MAINBOARD
ROSSTECH,Rossell Techsys Limited,INE0OJW01016,NSE,Unclassified,Unclassified,ROSSTECH.NS,IN,NSE_MAINBOARD
ROTO,Roto Pumps Limited,INE535D01037,NSE,Unclassified,Unclassified,ROTO.NS,IN,NSE_MAINBOARD
ROUTE,ROUTE MOBILE LIMITED,INE450U01017,NSE,Unclassified,Unclassified,ROUTE.NS,IN,NSE_MAINBOARD
RPEL,Raghav Productivity Enhancers Limited,INE912T01018,NSE,Unclassified,Unclassified,RPEL.NS,IN,NSE_MAINBOARD
RPGLIFE,RPG Life Sciences Limited,INE105J01010,NSE,Unclassified,Unclassified,RPGLIFE.NS,IN,NSE_MAINBOARD
RPOWER,Reliance Power Limited,INE614G01033,NSE,Unclassified,Unclassified,RPOWER.NS,IN,NSE_MAINBOARD
RPPINFRA,R.P.P. Infra Projects Limited,INE324L01013,NSE,Unclassified,Unclassified,RPPINFRA.NS,IN,NSE_MAINBOARD
RPPL,Rajshree Polypack Limited,INE760W01023,NSE,Unclassified,Unclassified,RPPL.NS,IN,NSE_MAINBOARD
RPSGVENT,RPSG VENTURES LIMITED,INE425Y01011,NSE,Unclassified,Unclassified,RPSGVENT.NS,IN,NSE_MAINBOARD
RPTECH,Rashi Peripherals Limited,INE0J1F01024,NSE,Unclassified,Unclassified,RPTECH.NS,IN,NSE_MAINBOARD
RRIL,RRIL Limited,INE951M01037,NSE,Unclassified,Unclassified,RRIL.NS,IN,NSE_MAINBOARD
RRKABEL,R R Kabel Limited,INE777K01022,NSE,Unclassified,Unclassified,RRKABEL.NS,IN,NSE_MAINBOARD
RSDFIN,RSD Finance Limited,INE616F01022,NSE,Unclassified,Unclassified,RSDFIN.NS,IN,NSE_MAINBOARD
RSL,Rajputana Stainless Limited,INE313L01016,NSE,Unclassified,Unclassified,RSL.NS,IN,NSE_MAINBOARD
RSSOFTWARE,R. S. Software (India) Limited,INE165B01029,NSE,Unclassified,Unclassified,RSSOFTWARE.NS,IN,NSE_MAINBOARD
RSWM,RSWM Limited,INE611A01016,NSE,Unclassified,Unclassified,RSWM.NS,IN,NSE_MAINBOARD
RSYSTEMS,R Systems International Limited,INE411H01032,NSE,Unclassified,Unclassified,RSYSTEMS.NS,IN,NSE_MAINBOARD
RTNINDIA,RattanIndia Enterprises Limited,INE834M01019,NSE,Unclassified,Unclassified,RTNINDIA.NS,IN,NSE_MAINBOARD
RTNPOWER,RattanIndia Power Limited,INE399K01017,NSE,Unclassified,Unclassified,RTNPOWER.NS,IN,NSE_MAINBOARD
RUBFILA,Rubfila International Limited,INE642C01025,NSE,Unclassified,Unclassified,RUBFILA.NS,IN,NSE_MAINBOARD
RUBICON,Rubicon Research Limited,INE506V01022,NSE,Unclassified,Unclassified,RUBICON.NS,IN,NSE_MAINBOARD
RUBYMILLS,The Ruby Mills Limited,INE301D01026,NSE,Unclassified,Unclassified,RUBYMILLS.NS,IN,NSE_MAINBOARD
RUCHINFRA,Ruchi Infrastructure Limited,INE413B01023,NSE,Unclassified,Unclassified,RUCHINFRA.NS,IN,NSE_MAINBOARD
RUCHIRA,Ruchira Papers Limited,INE803H01014,NSE,Unclassified,Unclassified,RUCHIRA.NS,IN,NSE_MAINBOARD
RUDRA,Rudra Global Infra Products Limited,INE027T01023,NSE,Unclassified,Unclassified,RUDRA.NS,IN,NSE_MAINBOARD
RUPA,Rupa & Company Limited,INE895B01021,NSE,Unclassified,Unclassified,RUPA.NS,IN,NSE_MAINBOARD
RUSHIL,Rushil Decor Limited,INE573K01025,NSE,Unclassified,Unclassified,RUSHIL.NS,IN,NSE_MAINBOARD
RUSTOMJEE,Keystone Realtors Limited,INE263M01029,NSE,Unclassified,Unclassified,RUSTOMJEE.NS,IN,NSE_MAINBOARD
RVHL,Ravinder Heights Limited,INE09E501017,NSE,Unclassified,Unclassified,RVHL.NS,IN,NSE_MAINBOARD
RVNL,Rail Vikas Nigam Limited,INE415G01027,NSE,Construction,Construction,RVNL.NS,IN,NSE_MAINBOARD
RVTH,Revathi Equipment India Limited,INE0DAB01012,NSE,Unclassified,Unclassified,RVTH.NS,IN,NSE_MAINBOARD
S&SPOWER,S&S Power Switchgears Limited,INE902B01017,NSE,Unclassified,Unclassified,S&SPOWER.NS,IN,NSE_MAINBOARD
SAATVIKGL,Saatvik Green Energy Limited,INE13B501022,NSE,Unclassified,Unclassified,SAATVIKGL.NS,IN,NSE_MAINBOARD
SABEVENTS,Sab Events & Governance Now Media Limited,INE860T01019,NSE,Unclassified,Unclassified,SABEVENTS.NS,IN,NSE_MAINBOARD
SADBHAV,Sadbhav Engineering Limited,INE226H01026,NSE,Unclassified,Unclassified,SADBHAV.NS,IN,NSE_MAINBOARD
SADBHIN,Sadbhav Infrastructure Project Limited,INE764L01010,NSE,Unclassified,Unclassified,SADBHIN.NS,IN,NSE_MAINBOARD
SADHNANIQ,Sadhana Nitrochem Limited,INE888C01040,NSE,Unclassified,Unclassified,SADHNANIQ.NS,IN,NSE_MAINBOARD
SAFARI,Safari Industries (India) Limited,INE429E01023,NSE,Unclassified,Unclassified,SAFARI.NS,IN,NSE_MAINBOARD
SAGARDEEP,Sagardeep Alloys Limited,INE976T01013,NSE,Unclassified,Unclassified,SAGARDEEP.NS,IN,NSE_MAINBOARD
SAGCEM,Sagar Cements Limited,INE229C01021,NSE,Unclassified,Unclassified,SAGCEM.NS,IN,NSE_MAINBOARD
SAGILITY,SAGILITY LIMITED,INE0W2G01015,NSE,Unclassified,Unclassified,SAGILITY.NS,IN,NSE_MAINBOARD
SAHLIBHFI,Shalibhadra Finance Limited,INE861D01011,NSE,Unclassified,Unclassified,SAHLIBHFI.NS,IN,NSE_MAINBOARD
SAHYADRI,Sahyadri Industries Limited,INE280H01015,NSE,Unclassified,Unclassified,SAHYADRI.NS,IN,NSE_MAINBOARD
SAIL,Steel Authority of India Limited,INE114A01011,NSE,Metals & Mining,Metals & Mining,SAIL.NS,IN,NSE_MAINBOARD
SAILIFE,Sai Life Sciences Limited,INE570L01029,NSE,Unclassified,Unclassified,SAILIFE.NS,IN,NSE_MAINBOARD
SAIPARENT,Sai Parenterals Limited,INE0H9F01037,NSE,Unclassified,Unclassified,SAIPARENT.NS,IN,NSE_MAINBOARD
SAKAR,Sakar Healthcare Limited,INE732S01012,NSE,Unclassified,Unclassified,SAKAR.NS,IN,NSE_MAINBOARD
SAKHTISUG,Sakthi Sugars Limited,INE623A01011,NSE,Unclassified,Unclassified,SAKHTISUG.NS,IN,NSE_MAINBOARD
SAKSOFT,Saksoft Limited,INE667G01023,NSE,Unclassified,Unclassified,SAKSOFT.NS,IN,NSE_MAINBOARD
SAKUMA,Sakuma Exports Limited,INE190H01024,NSE,Unclassified,Unclassified,SAKUMA.NS,IN,NSE_MAINBOARD
SALASAR,Salasar Techno Engineering Limited,INE170V01027,NSE,Unclassified,Unclassified,SALASAR.NS,IN,NSE_MAINBOARD
SALONA,Salona Cotspin Limited,INE498E01010,NSE,Unclassified,Unclassified,SALONA.NS,IN,NSE_MAINBOARD
SALSTEEL,S.A.L. Steel Limited,INE658G01014,NSE,Unclassified,Unclassified,SALSTEEL.NS,IN,NSE_MAINBOARD
SALZERELEC,Salzer Electronics Limited,INE457F01013,NSE,Unclassified,Unclassified,SALZERELEC.NS,IN,NSE_MAINBOARD
SAMBHAAV,Sambhaav Media Limited,INE699B01027,NSE,Unclassified,Unclassified,SAMBHAAV.NS,IN,NSE_MAINBOARD
SAMBHV,Sambhv Steel Tubes Limited,INE12NJ01018,NSE,Unclassified,Unclassified,SAMBHV.NS,IN,NSE_MAINBOARD
SAMHI,Samhi Hotels Limited,INE08U801020,NSE,Unclassified,Unclassified,SAMHI.NS,IN,NSE_MAINBOARD
SAMMAANCAP,Sammaan Capital Limited,INE148I01020,NSE,Unclassified,Unclassified,SAMMAANCAP.NS,IN,NSE_MAINBOARD
SAMPANN,Sampann Utpadan India Limited,INE735M01018,NSE,Unclassified,Unclassified,SAMPANN.NS,IN,NSE_MAINBOARD
SANATHAN,Sanathan Textiles Limited,INE0JPD01013,NSE,Unclassified,Unclassified,SANATHAN.NS,IN,NSE_MAINBOARD
SANDESH,The Sandesh Limited,INE583B01015,NSE,Unclassified,Unclassified,SANDESH.NS,IN,NSE_MAINBOARD
SANDHAR,Sandhar Technologies Limited,INE278H01035,NSE,Unclassified,Unclassified,SANDHAR.NS,IN,NSE_MAINBOARD
SANDUMA,Sandur Manganese & Iron Ores Limited,INE149K01016,NSE,Unclassified,Unclassified,SANDUMA.NS,IN,NSE_MAINBOARD
SANGAMIND,Sangam (India) Limited,INE495C01010,NSE,Unclassified,Unclassified,SANGAMIND.NS,IN,NSE_MAINBOARD
SANGHVIMOV,Sanghvi Movers Limited,INE989A01032,NSE,Unclassified,Unclassified,SANGHVIMOV.NS,IN,NSE_MAINBOARD
SANGINITA,Sanginita Chemicals Limited,INE753W01010,NSE,Unclassified,Unclassified,SANGINITA.NS,IN,NSE_MAINBOARD
SANOFI,Sanofi India Limited,INE058A01010,NSE,Unclassified,Unclassified,SANOFI.NS,IN,NSE_MAINBOARD
SANOFICONR,Sanofi Consumer Healthcare India Limited,INE0UOS01011,NSE,Unclassified,Unclassified,SANOFICONR.NS,IN,NSE_MAINBOARD
SANSERA,Sansera Engineering Limited,INE953O01021,NSE,Unclassified,Unclassified,SANSERA.NS,IN,NSE_MAINBOARD
SANSTAR,Sanstar Limited,INE08NE01025,NSE,Unclassified,Unclassified,SANSTAR.NS,IN,NSE_MAINBOARD
SANWARIA,Sanwaria Consumer Limited,INE890C01046,NSE,Unclassified,Unclassified,SANWARIA.NS,IN,NSE_MAINBOARD
SAPPHIRE,Sapphire Foods India Limited,INE806T01020,NSE,Unclassified,Unclassified,SAPPHIRE.NS,IN,NSE_MAINBOARD
SAPPL,Shree Ajit Pulp & Paper Limited,INE185C01017,NSE,Unclassified,Unclassified,SAPPL.NS,IN,NSE_MAINBOARD
SARDAEN,Sarda Energy & Minerals Limited,INE385C01021,NSE,Unclassified,Unclassified,SARDAEN.NS,IN,NSE_MAINBOARD
SAREGAMA,Saregama India Limited,INE979A01025,NSE,Unclassified,Unclassified,SAREGAMA.NS,IN,NSE_MAINBOARD
SARLAPOLY,Sarla Performance Fibers Limited,INE453D01025,NSE,Unclassified,Unclassified,SARLAPOLY.NS,IN,NSE_MAINBOARD
SARVESHWAR,Sarveshwar Foods Limited,INE324X01026,NSE,Unclassified,Unclassified,SARVESHWAR.NS,IN,NSE_MAINBOARD
SASKEN,Sasken Technologies Limited,INE231F01020,NSE,Unclassified,Unclassified,SASKEN.NS,IN,NSE_MAINBOARD
SATIA,Satia Industries Limited,INE170E01023,NSE,Unclassified,Unclassified,SATIA.NS,IN,NSE_MAINBOARD
SATIN,Satin Creditcare Network Limited,INE836B01017,NSE,Unclassified,Unclassified,SATIN.NS,IN,NSE_MAINBOARD
SAURASHCEM,Saurashtra Cement Limited,INE626A01014,NSE,Unclassified,Unclassified,SAURASHCEM.NS,IN,NSE_MAINBOARD
SAYAJIHOTL,Sayaji Hotels Limited,INE318C01014,NSE,Unclassified,Unclassified,SAYAJIHOTL.NS,IN,NSE_MAINBOARD
SBC,SBC Exports Limited,INE04AK01028,NSE,Unclassified,Unclassified,SBC.NS,IN,NSE_MAINBOARD
SBCL,Shivalik Bimetal Controls Limited,INE386D01027,NSE,Unclassified,Unclassified,SBCL.NS,IN,NSE_MAINBOARD
SBFC,SBFC Finance Limited,INE423Y01016,NSE,Unclassified,Unclassified,SBFC.NS,IN,NSE_MAINBOARD
SBGLP,Suratwwala Business Group Limited,INE05ST01028,NSE,Unclassified,Unclassified,SBGLP.NS,IN,NSE_MAINBOARD
SBICARD,SBI Cards and Payment Services Limited,INE018E01016,NSE,Financial Services,Financial Services,SBICARD.NS,IN,NSE_MAINBOARD
SBIFUNDS,SBI Funds Management Limited,INE640G01020,NSE,Unclassified,Unclassified,SBIFUNDS.NS,IN,NSE_MAINBOARD
SBILIFE,SBI Life Insurance Company Limited,INE123W01016,NSE,Financial Services,Financial Services,SBILIFE.NS,IN,NSE_MAINBOARD
SBIN,State Bank of India,INE062A01020,NSE,Financial Services,Financial Services,SBIN.NS,IN,NSE_MAINBOARD
SCANSTL,Scan Steels Limited,INE099G01011,NSE,Unclassified,Unclassified,SCANSTL.NS,IN,NSE_MAINBOARD
SCHAEFFLER,Schaeffler India Limited,INE513A01022,NSE,Unclassified,Unclassified,SCHAEFFLER.NS,IN,NSE_MAINBOARD
SCHAND,S Chand And Company Limited,INE807K01035,NSE,Unclassified,Unclassified,SCHAND.NS,IN,NSE_MAINBOARD
SCHNEIDER,Schneider Electric Infrastructure Limited,INE839M01018,NSE,Unclassified,Unclassified,SCHNEIDER.NS,IN,NSE_MAINBOARD
SCI,Shipping Corporation Of India Limited,INE109A01011,NSE,Unclassified,Unclassified,SCI.NS,IN,NSE_MAINBOARD
SCILAL,Shipping Corporation of India Land and Assets Limited,INE0PB301013,NSE,Unclassified,Unclassified,SCILAL.NS,IN,NSE_MAINBOARD
SCODATUBES,Scoda Tubes Limited,INE090501011,NSE,Unclassified,Unclassified,SCODATUBES.NS,IN,NSE_MAINBOARD
SCPL,Sheetal Cool Products Limited,INE501Y01019,NSE,Unclassified,Unclassified,SCPL.NS,IN,NSE_MAINBOARD
SDBL,Som Distilleries & Breweries Limited,INE480C01038,NSE,Unclassified,Unclassified,SDBL.NS,IN,NSE_MAINBOARD
SEAMECLTD,Seamec Limited,INE497B01018,NSE,Unclassified,Unclassified,SEAMECLTD.NS,IN,NSE_MAINBOARD
SECMARK,SecMark Consultancy Limited,INE0BTM01013,NSE,Unclassified,Unclassified,SECMARK.NS,IN,NSE_MAINBOARD
SECURKLOUD,SECUREKLOUD TECHNOLOGIES LIMITED,INE650K01021,NSE,Unclassified,Unclassified,SECURKLOUD.NS,IN,NSE_MAINBOARD
SEDEMAC,SEDEMAC Mechatronics Limited,INE00XB01019,NSE,Unclassified,Unclassified,SEDEMAC.NS,IN,NSE_MAINBOARD
SEIL,Shanti Educational Initiatives Limited,INE440T01028,NSE,Unclassified,Unclassified,SEIL.NS,IN,NSE_MAINBOARD
SEJALLTD,Sejal Glass Limited,INE955I01044,NSE,Unclassified,Unclassified,SEJALLTD.NS,IN,NSE_MAINBOARD
SELMC,SEL Manufacturing Company Limited,INE105I01020,NSE,Unclassified,Unclassified,SELMC.NS,IN,NSE_MAINBOARD
SEMAC,Semac Construction Limited,INE617A01013,NSE,Unclassified,Unclassified,SEMAC.NS,IN,NSE_MAINBOARD
SENCO,Senco Gold Limited,INE602W01027,NSE,Unclassified,Unclassified,SENCO.NS,IN,NSE_MAINBOARD
SENORES,Senores Pharmaceuticals Limited,INE0RB801010,NSE,Unclassified,Unclassified,SENORES.NS,IN,NSE_MAINBOARD
SEPC,SEPC Limited,INE964H01014,NSE,Unclassified,Unclassified,SEPC.NS,IN,NSE_MAINBOARD
SERVOTECH,Servotech Renewable Power System Limited,INE782X01033,NSE,Unclassified,Unclassified,SERVOTECH.NS,IN,NSE_MAINBOARD
SESHAPAPER,Seshasayee Paper and Boards Limited,INE630A01024,NSE,Unclassified,Unclassified,SESHAPAPER.NS,IN,NSE_MAINBOARD
SETCO,Setco Automotive Limited,INE878E01021,NSE,Unclassified,Unclassified,SETCO.NS,IN,NSE_MAINBOARD
SETL,Standard Engineering Technology Limited,INE0M4D01010,NSE,Unclassified,Unclassified,SETL.NS,IN,NSE_MAINBOARD
SETUINFRA,Setubandhan Infrastructure Limited,INE023M01027,NSE,Unclassified,Unclassified,SETUINFRA.NS,IN,NSE_MAINBOARD
SEYAIND,Seya Industries Limited,INE573R01012,NSE,Unclassified,Unclassified,SEYAIND.NS,IN,NSE_MAINBOARD
SFL,Sheela Foam Limited,INE916U01025,NSE,Unclassified,Unclassified,SFL.NS,IN,NSE_MAINBOARD
SGFIN,SG Finserve Limited,INE618R01015,NSE,Unclassified,Unclassified,SGFIN.NS,IN,NSE_MAINBOARD
SGIL,Synergy Green Industries Limited,INE00QT01015,NSE,Unclassified,Unclassified,SGIL.NS,IN,NSE_MAINBOARD
SGL,STL Global Limited,INE353H01010,NSE,Unclassified,Unclassified,SGL.NS,IN,NSE_MAINBOARD
SGMART,SG Mart Limited,INE385F01024,NSE,Unclassified,Unclassified,SGMART.NS,IN,NSE_MAINBOARD
SHADOWFAX,Shadowfax Technologies Limited,INE12UN01015,NSE,Unclassified,Unclassified,SHADOWFAX.NS,IN,NSE_MAINBOARD
SHAH,Shah Metacorp Limited,INE482J01021,NSE,Unclassified,Unclassified,SHAH.NS,IN,NSE_MAINBOARD
SHAHALLOYS,Shah Alloys Limited,INE640C01011,NSE,Unclassified,Unclassified,SHAHALLOYS.NS,IN,NSE_MAINBOARD
SHAILY,Shaily Engineering Plastics Limited,INE151G01028,NSE,Unclassified,Unclassified,SHAILY.NS,IN,NSE_MAINBOARD
SHAKTIPUMP,Shakti Pumps (India) Limited,INE908D01010,NSE,Unclassified,Unclassified,SHAKTIPUMP.NS,IN,NSE_MAINBOARD
SHALBY,Shalby Limited,INE597J01018,NSE,Unclassified,Unclassified,SHALBY.NS,IN,NSE_MAINBOARD
SHALPAINTS,Shalimar Paints Limited,INE849C01026,NSE,Unclassified,Unclassified,SHALPAINTS.NS,IN,NSE_MAINBOARD
SHANKARA,Shankara Building Products Limited,INE274V01019,NSE,Unclassified,Unclassified,SHANKARA.NS,IN,NSE_MAINBOARD
SHANTI,Shanti Overseas (India) Limited,INE933X01016,NSE,Unclassified,Unclassified,SHANTI.NS,IN,NSE_MAINBOARD
SHANTIGEAR,Shanthi Gears Limited,INE631A01022,NSE,Unclassified,Unclassified,SHANTIGEAR.NS,IN,NSE_MAINBOARD
SHANTIGOLD,Shanti Gold International Limited,INE06ZD01017,NSE,Unclassified,Unclassified,SHANTIGOLD.NS,IN,NSE_MAINBOARD
SHARDACROP,Sharda Cropchem Limited,INE221J01015,NSE,Unclassified,Unclassified,SHARDACROP.NS,IN,NSE_MAINBOARD
SHARDAMOTR,Sharda Motor Industries Limited,INE597I01028,NSE,Unclassified,Unclassified,SHARDAMOTR.NS,IN,NSE_MAINBOARD
SHARDUL,Shardul Securities Limited,INE037B01020,NSE,Unclassified,Unclassified,SHARDUL.NS,IN,NSE_MAINBOARD
SHAREINDIA,Share India Securities Limited,INE932X01026,NSE,Unclassified,Unclassified,SHAREINDIA.NS,IN,NSE_MAINBOARD
SHBAJRG,Shri Bajrang Alliance Limited,INE402H01015,NSE,Unclassified,Unclassified,SHBAJRG.NS,IN,NSE_MAINBOARD
SHEKHAWATI,Shekhawati Industries Limited,INE268L01046,NSE,Unclassified,Unclassified,SHEKHAWATI.NS,IN,NSE_MAINBOARD
SHEMAROO,Shemaroo Entertainment Limited,INE363M01019,NSE,Unclassified,Unclassified,SHEMAROO.NS,IN,NSE_MAINBOARD
SHILCTECH,Shilchar Technologies Limited,INE024F01011,NSE,Unclassified,Unclassified,SHILCTECH.NS,IN,NSE_MAINBOARD
SHILPAMED,Shilpa Medicare Limited,INE790G01031,NSE,Unclassified,Unclassified,SHILPAMED.NS,IN,NSE_MAINBOARD
SHINDL,Sharat Industries Limited,INE220Z01013,NSE,Unclassified,Unclassified,SHINDL.NS,IN,NSE_MAINBOARD
SHIVALIK,Shivalik Rasayan Limited,INE788J01021,NSE,Unclassified,Unclassified,SHIVALIK.NS,IN,NSE_MAINBOARD
SHIVAMAUTO,Shivam Autotech Limited,INE637H01024,NSE,Unclassified,Unclassified,SHIVAMAUTO.NS,IN,NSE_MAINBOARD
SHIVAMILLS,Shiva Mills Limited,INE644Y01017,NSE,Unclassified,Unclassified,SHIVAMILLS.NS,IN,NSE_MAINBOARD
SHIVATEX,Shiva Texyarn Limited,INE705C01020,NSE,Unclassified,Unclassified,SHIVATEX.NS,IN,NSE_MAINBOARD
SHIVAUM,Shiv Aum Steels Limited,INE719F01016,NSE,Unclassified,Unclassified,SHIVAUM.NS,IN,NSE_MAINBOARD
SHK,S H Kelkar and Company Limited,INE500L01026,NSE,Unclassified,Unclassified,SHK.NS,IN,NSE_MAINBOARD
SHOPERSTOP,Shoppers Stop Limited,INE498B01024,NSE,Unclassified,Unclassified,SHOPERSTOP.NS,IN,NSE_MAINBOARD
SHRADHA,Shradha Realty Limited,INE715Y01031,NSE,Unclassified,Unclassified,SHRADHA.NS,IN,NSE_MAINBOARD
SHREDIGCEM,Shree Digvijay Cement Co.Ltd,INE232A01011,NSE,Unclassified,Unclassified,SHREDIGCEM.NS,IN,NSE_MAINBOARD
SHREECEM,SHREE CEMENT LIMITED,INE070A01015,NSE,Construction Materials,Construction Materials,SHREECEM.NS,IN,NSE_MAINBOARD
SHREEJISPG,Shreeji Shipping Global Limited,INE1B6101010,NSE,Unclassified,Unclassified,SHREEJISPG.NS,IN,NSE_MAINBOARD
SHREEPUSHK,Shree Pushkar Chemicals & Fertilisers Limited,INE712K01011,NSE,Unclassified,Unclassified,SHREEPUSHK.NS,IN,NSE_MAINBOARD
SHREERAMA,Shree Rama Multi-Tech Limited,INE879A01019,NSE,Unclassified,Unclassified,SHREERAMA.NS,IN,NSE_MAINBOARD
SHRENIK,Shrenik Limited,INE632X01030,NSE,Unclassified,Unclassified,SHRENIK.NS,IN,NSE_MAINBOARD
SHREYANIND,Shreyans Industries Limited,INE231C01019,NSE,Unclassified,Unclassified,SHREYANIND.NS,IN,NSE_MAINBOARD
SHRIKRISH,Shri Krishna Devcon Limited,INE997I01012,NSE,Unclassified,Unclassified,SHRIKRISH.NS,IN,NSE_MAINBOARD
SHRINGARMS,Shringar House of Mangalsutra Limited,INE1B3L01017,NSE,Unclassified,Unclassified,SHRINGARMS.NS,IN,NSE_MAINBOARD
SHRIPISTON,SPR Auto Technologies Limited,INE526E01018,NSE,Unclassified,Unclassified,SHRIPISTON.NS,IN,NSE_MAINBOARD
SHRIRAMFIN,Shriram Finance Limited,INE721A01047,NSE,Financial Services,Financial Services,SHRIRAMFIN.NS,IN,NSE_MAINBOARD
SHRIRAMPPS,Shriram Properties Limited,INE217L01019,NSE,Unclassified,Unclassified,SHRIRAMPPS.NS,IN,NSE_MAINBOARD
SHYAMCENT,Shyam Century Ferrous Limited,INE979R01011,NSE,Unclassified,Unclassified,SHYAMCENT.NS,IN,NSE_MAINBOARD
SHYAMMETL,Shyam Metalics and Energy Limited,INE810G01011,NSE,Unclassified,Unclassified,SHYAMMETL.NS,IN,NSE_MAINBOARD
SHYAMTEL,Shyam Telecom Limited,INE635A01023,NSE,Unclassified,Unclassified,SHYAMTEL.NS,IN,NSE_MAINBOARD
SICAGEN,Sicagen India Limited,INE176J01011,NSE,Unclassified,Unclassified,SICAGEN.NS,IN,NSE_MAINBOARD
SICALLOG,Sical Logistics Limited,INE075B01020,NSE,Unclassified,Unclassified,SICALLOG.NS,IN,NSE_MAINBOARD
SIEMENS,Siemens Limited,INE003A01024,NSE,Capital Goods,Capital Goods,SIEMENS.NS,IN,NSE_MAINBOARD
SIGACHI,Sigachi Industries Limited,INE0D0K01022,NSE,Unclassified,Unclassified,SIGACHI.NS,IN,NSE_MAINBOARD
SIGIND,Signet Industries Limited,INE529F01035,NSE,Unclassified,Unclassified,SIGIND.NS,IN,NSE_MAINBOARD
SIGMA,Sigma Solve Limited,INE0A0S01028,NSE,Unclassified,Unclassified,SIGMA.NS,IN,NSE_MAINBOARD
SIGMAADV,SIGMA ADVANCED SYSTEMS LIMITED,INE933B01012,NSE,Unclassified,Unclassified,SIGMAADV.NS,IN,NSE_MAINBOARD
SIGNATURE,Signatureglobal (India) Limited,INE903U01023,NSE,Unclassified,Unclassified,SIGNATURE.NS,IN,NSE_MAINBOARD
SIGNPOST,Signpost India Limited,INE0KGZ01021,NSE,Unclassified,Unclassified,SIGNPOST.NS,IN,NSE_MAINBOARD
SIKA,Sika Interplant Systems Limited,INE438E01032,NSE,Unclassified,Unclassified,SIKA.NS,IN,NSE_MAINBOARD
SIKKO,Sikko Industries Limited,INE112X01025,NSE,Unclassified,Unclassified,SIKKO.NS,IN,NSE_MAINBOARD
SIL,Standard Industries Limited,INE173A01025,NSE,Unclassified,Unclassified,SIL.NS,IN,NSE_MAINBOARD
SILGO,Silgo Retail Limited,INE01II01013,NSE,Unclassified,Unclassified,SILGO.NS,IN,NSE_MAINBOARD
SILINV,SIL Investments Limited,INE923A01015,NSE,Unclassified,Unclassified,SILINV.NS,IN,NSE_MAINBOARD
SILLYMONKS,Silly Monks Entertainment Limited,INE203Y01012,NSE,Unclassified,Unclassified,SILLYMONKS.NS,IN,NSE_MAINBOARD
SILVERTUC,Silver Touch Technologies Limited,INE625X01026,NSE,Unclassified,Unclassified,SILVERTUC.NS,IN,NSE_MAINBOARD
SIMBHALS,Simbhaoli Sugars Limited,INE748T01016,NSE,Unclassified,Unclassified,SIMBHALS.NS,IN,NSE_MAINBOARD
SIMPLEXINF,Simplex Infrastructures Limited,INE059B01024,NSE,Unclassified,Unclassified,SIMPLEXINF.NS,IN,NSE_MAINBOARD
SINCLAIR,Sinclairs Hotels Limited,INE985A01022,NSE,Unclassified,Unclassified,SINCLAIR.NS,IN,NSE_MAINBOARD
SINDHUTRAD,Sindhu Trade Links Limited,INE325D01025,NSE,Unclassified,Unclassified,SINDHUTRAD.NS,IN,NSE_MAINBOARD
SINGERIND,Singer India Limited,INE638A01035,NSE,Unclassified,Unclassified,SINGERIND.NS,IN,NSE_MAINBOARD
SINTERCOM,Sintercom India Limited,INE129Z01016,NSE,Unclassified,Unclassified,SINTERCOM.NS,IN,NSE_MAINBOARD
SIRCA,Sirca Paints India Limited,INE792Z01011,NSE,Unclassified,Unclassified,SIRCA.NS,IN,NSE_MAINBOARD
SIS,SIS LIMITED,INE285J01028,NSE,Unclassified,Unclassified,SIS.NS,IN,NSE_MAINBOARD
SITINET,Siti Networks Limited,INE965H01011,NSE,Unclassified,Unclassified,SITINET.NS,IN,NSE_MAINBOARD
SIYSIL,Siyaram Silk Mills Limited,INE076B01028,NSE,Unclassified,Unclassified,SIYSIL.NS,IN,NSE_MAINBOARD
SJS,S.J.S. Enterprises Limited,INE284S01014,NSE,Unclassified,Unclassified,SJS.NS,IN,NSE_MAINBOARD
SJVN,SJVN Limited,INE002L01015,NSE,Unclassified,Unclassified,SJVN.NS,IN,NSE_MAINBOARD
SKFINDIA,SKF India Limited,INE640A01023,NSE,Unclassified,Unclassified,SKFINDIA.NS,IN,NSE_MAINBOARD
SKFINDUS,SKF India (Industrial) Limited,INE2J8701016,NSE,Unclassified,Unclassified,SKFINDUS.NS,IN,NSE_MAINBOARD
SKIPPER,Skipper Limited,INE439E01022,NSE,Unclassified,Unclassified,SKIPPER.NS,IN,NSE_MAINBOARD
SKMEGGPROD,SKM Egg Products Export (India) Limited,INE411D01023,NSE,Unclassified,Unclassified,SKMEGGPROD.NS,IN,NSE_MAINBOARD
SKYGOLD,SKY GOLD AND DIAMONDS LIMITED,INE01IU01018,NSE,Unclassified,Unclassified,SKYGOLD.NS,IN,NSE_MAINBOARD
SMARTLINK,Smartlink Holdings Limited,INE178C01020,NSE,Unclassified,Unclassified,SMARTLINK.NS,IN,NSE_MAINBOARD
SMARTWORKS,Smartworks Coworking Spaces Limited,INE0NAZ01010,NSE,Unclassified,Unclassified,SMARTWORKS.NS,IN,NSE_MAINBOARD
SMCGLOBAL,SMC Global Securities Limited,INE103C01036,NSE,Unclassified,Unclassified,SMCGLOBAL.NS,IN,NSE_MAINBOARD
SMLMAH,SML Mahindra Limited,INE294B01019,NSE,Unclassified,Unclassified,SMLMAH.NS,IN,NSE_MAINBOARD
SMLT,Sarthak Metals Limited,INE017W01010,NSE,Unclassified,Unclassified,SMLT.NS,IN,NSE_MAINBOARD
SMSPHARMA,SMS Pharmaceuticals Limited,INE812G01025,NSE,Unclassified,Unclassified,SMSPHARMA.NS,IN,NSE_MAINBOARD
SNOWMAN,Snowman Logistics Limited,INE734N01019,NSE,Unclassified,Unclassified,SNOWMAN.NS,IN,NSE_MAINBOARD
SOBHA,Sobha Limited,INE671H01015,NSE,Unclassified,Unclassified,SOBHA.NS,IN,NSE_MAINBOARD
SOFTTECH,Softtech Engineers Limited,INE728Z01015,NSE,Unclassified,Unclassified,SOFTTECH.NS,IN,NSE_MAINBOARD
SOLARA,Solara Active Pharma Sciences Limited,INE624Z01016,NSE,Unclassified,Unclassified,SOLARA.NS,IN,NSE_MAINBOARD
SOLARINDS,Solar Industries India Limited,INE343H01029,NSE,Chemicals,Chemicals,SOLARINDS.NS,IN,NSE_MAINBOARD
SOLARWORLD,Solarworld Energy Solutions Limited,INE0TY101024,NSE,Unclassified,Unclassified,SOLARWORLD.NS,IN,NSE_MAINBOARD
SOLEX,Solex Energy Limited,INE880Y01017,NSE,Unclassified,Unclassified,SOLEX.NS,IN,NSE_MAINBOARD
SOMANYCERA,Somany Ceramics Limited,INE355A01028,NSE,Unclassified,Unclassified,SOMANYCERA.NS,IN,NSE_MAINBOARD
SOMATEX,Soma Textiles & Industries Limited,INE314C01013,NSE,Unclassified,Unclassified,SOMATEX.NS,IN,NSE_MAINBOARD
SOMICONVEY,Somi Conveyor Beltings Limited,INE323J01019,NSE,Unclassified,Unclassified,SOMICONVEY.NS,IN,NSE_MAINBOARD
SONACOMS,Sona BLW Precision Forgings Limited,INE073K01018,NSE,Unclassified,Unclassified,SONACOMS.NS,IN,NSE_MAINBOARD
SONAL,Sonal Mercantile Limited,INE321M01017,NSE,Unclassified,Unclassified,SONAL.NS,IN,NSE_MAINBOARD
SONAMLTD,SONAM LIMITED,INE00LM01029,NSE,Unclassified,Unclassified,SONAMLTD.NS,IN,NSE_MAINBOARD
SONATSOFTW,Sonata Software Limited,INE269A01021,NSE,Unclassified,Unclassified,SONATSOFTW.NS,IN,NSE_MAINBOARD
SOTL,Savita Oil Technologies Limited,INE035D01020,NSE,Unclassified,Unclassified,SOTL.NS,IN,NSE_MAINBOARD
SOUTHBANK,The South Indian Bank Limited,INE683A01023,NSE,Unclassified,Unclassified,SOUTHBANK.NS,IN,NSE_MAINBOARD
SOUTHWEST,South West Pinnacle Exploration Limited,INE980Y01015,NSE,Unclassified,Unclassified,SOUTHWEST.NS,IN,NSE_MAINBOARD
SPAL,S. P. Apparels Limited,INE212I01016,NSE,Unclassified,Unclassified,SPAL.NS,IN,NSE_MAINBOARD
SPANDANA,Spandana Sphoorty Financial Limited,INE572J01011,NSE,Unclassified,Unclassified,SPANDANA.NS,IN,NSE_MAINBOARD
SPARC,Sun Pharma Advanced Research Company Limited,INE232I01014,NSE,Unclassified,Unclassified,SPARC.NS,IN,NSE_MAINBOARD
SPCENET,Spacenet Enterprises India Limited,INE970N01027,NSE,Unclassified,Unclassified,SPCENET.NS,IN,NSE_MAINBOARD
SPECIALITY,Speciality Restaurants Limited,INE247M01014,NSE,Unclassified,Unclassified,SPECIALITY.NS,IN,NSE_MAINBOARD
SPECTRUM,Spectrum Electrical Industries Limited,INE01EO01010,NSE,Unclassified,Unclassified,SPECTRUM.NS,IN,NSE_MAINBOARD
SPENCERS,Spencer's Retail Limited,INE020801028,NSE,Unclassified,Unclassified,SPENCERS.NS,IN,NSE_MAINBOARD
SPIC,Southern Petrochemicals Industries Corporation  Limited,INE147A01011,NSE,Unclassified,Unclassified,SPIC.NS,IN,NSE_MAINBOARD
SPLIL,SPL Industries Limited,INE978G01016,NSE,Unclassified,Unclassified,SPLIL.NS,IN,NSE_MAINBOARD
SPLPETRO,Supreme Petrochem Limited,INE663A01033,NSE,Unclassified,Unclassified,SPLPETRO.NS,IN,NSE_MAINBOARD
SPMLINFRA,SPML Infra Limited,INE937A01023,NSE,Unclassified,Unclassified,SPMLINFRA.NS,IN,NSE_MAINBOARD
SPORTKING,Sportking India Limited,INE885H01029,NSE,Unclassified,Unclassified,SPORTKING.NS,IN,NSE_MAINBOARD
SRD,Shankar Lal Rampal Dye-Chem Limited,INE01NE01012,NSE,Unclassified,Unclassified,SRD.NS,IN,NSE_MAINBOARD
SREEL,Sreeleathers Limited,INE099F01013,NSE,Unclassified,Unclassified,SREEL.NS,IN,NSE_MAINBOARD
SRF,SRF Limited,INE647A01010,NSE,Chemicals,Chemicals,SRF.NS,IN,NSE_MAINBOARD
SRGHFL,SRG Housing Finance Limited,INE559N01010,NSE,Unclassified,Unclassified,SRGHFL.NS,IN,NSE_MAINBOARD
SRHHYPOLTD,Sree Rayalaseema Hi-Strength Hypo Limited,INE917H01012,NSE,Unclassified,Unclassified,SRHHYPOLTD.NS,IN,NSE_MAINBOARD
SRM,SRM Contractors Limited,INE0R6Z01013,NSE,Unclassified,Unclassified,SRM.NS,IN,NSE_MAINBOARD
SRTL,Shree Ram Twistex Limited,INE19GK01015,NSE,Unclassified,Unclassified,SRTL.NS,IN,NSE_MAINBOARD
SSDL,Saraswati Saree Depot Limited,INE0PQ101010,NSE,Unclassified,Unclassified,SSDL.NS,IN,NSE_MAINBOARD
SSWL,Steel Strips Wheels Limited,INE802C01033,NSE,Unclassified,Unclassified,SSWL.NS,IN,NSE_MAINBOARD
STALLION,Stallion India Fluorochemicals Limited,INE0RYC01010,NSE,Unclassified,Unclassified,STALLION.NS,IN,NSE_MAINBOARD
STANLEY,Stanley Lifestyles Limited,INE01A001028,NSE,Unclassified,Unclassified,STANLEY.NS,IN,NSE_MAINBOARD
STAR,Strides Pharma Science Limited,INE939A01011,NSE,Unclassified,Unclassified,STAR.NS,IN,NSE_MAINBOARD
STARCEMENT,Star Cement Limited,INE460H01021,NSE,Unclassified,Unclassified,STARCEMENT.NS,IN,NSE_MAINBOARD
STARHEALTH,Star Health and Allied Insurance Company Limited,INE575P01011,NSE,Unclassified,Unclassified,STARHEALTH.NS,IN,NSE_MAINBOARD
STARPAPER,Star Paper Mills Limited,INE733A01018,NSE,Unclassified,Unclassified,STARPAPER.NS,IN,NSE_MAINBOARD
STARTECK,Starteck Finance Limited,INE992I01013,NSE,Unclassified,Unclassified,STARTECK.NS,IN,NSE_MAINBOARD
STCINDIA,The State Trading Corporation of India Limited,INE655A01013,NSE,Unclassified,Unclassified,STCINDIA.NS,IN,NSE_MAINBOARD
STEELCAS,Steelcast Limited,INE124E01038,NSE,Unclassified,Unclassified,STEELCAS.NS,IN,NSE_MAINBOARD
STEELCITY,Steel City Securities Limited,INE395H01011,NSE,Unclassified,Unclassified,STEELCITY.NS,IN,NSE_MAINBOARD
STEELXIND,STEEL EXCHANGE INDIA LIMITED,INE503B01021,NSE,Unclassified,Unclassified,STEELXIND.NS,IN,NSE_MAINBOARD
STEL,Stel Holdings Limited,INE577L01016,NSE,Unclassified,Unclassified,STEL.NS,IN,NSE_MAINBOARD
STERTOOLS,Sterling Tools Limited,INE334A01023,NSE,Unclassified,Unclassified,STERTOOLS.NS,IN,NSE_MAINBOARD
STLNETWORK,STL Networks Limited,INE1VXE01018,NSE,Unclassified,Unclassified,STLNETWORK.NS,IN,NSE_MAINBOARD
STLTECH,Sterlite Technologies Limited,INE089C01029,NSE,Unclassified,Unclassified,STLTECH.NS,IN,NSE_MAINBOARD
STOVEKRAFT,Stove Kraft Limited,INE00IN01015,NSE,Unclassified,Unclassified,STOVEKRAFT.NS,IN,NSE_MAINBOARD
STUDDS,Studds Accessories Limited,INE00Q601028,NSE,Unclassified,Unclassified,STUDDS.NS,IN,NSE_MAINBOARD
STYL,Seshaasai Technologies Limited,INE04VU01023,NSE,Unclassified,Unclassified,STYL.NS,IN,NSE_MAINBOARD
STYLAMIND,Stylam Industries Limited,INE239C01020,NSE,Unclassified,Unclassified,STYLAMIND.NS,IN,NSE_MAINBOARD
STYLEBAAZA,Baazar Style Retail Limited,INE01FR01028,NSE,Unclassified,Unclassified,STYLEBAAZA.NS,IN,NSE_MAINBOARD
STYRENIX,Styrenix Performance Materials Limited,INE189B01011,NSE,Unclassified,Unclassified,STYRENIX.NS,IN,NSE_MAINBOARD
SUBEXLTD,Subex Limited,INE754A01055,NSE,Unclassified,Unclassified,SUBEXLTD.NS,IN,NSE_MAINBOARD
SUBROS,Subros Limited,INE287B01021,NSE,Unclassified,Unclassified,SUBROS.NS,IN,NSE_MAINBOARD
SUDARCOLOR,Sudarshan Colorants India Limited,INE492A01029,NSE,Unclassified,Unclassified,SUDARCOLOR.NS,IN,NSE_MAINBOARD
SUDARSCHEM,Sudarshan Chemical Industries Limited,INE659A01023,NSE,Unclassified,Unclassified,SUDARSCHEM.NS,IN,NSE_MAINBOARD
SUDEEPPHRM,Sudeep Pharma Limited,INE0QPI01025,NSE,Unclassified,Unclassified,SUDEEPPHRM.NS,IN,NSE_MAINBOARD
SUKHJITS,Sukhjit Starch & Chemicals Limited,INE450E01029,NSE,Unclassified,Unclassified,SUKHJITS.NS,IN,NSE_MAINBOARD
SULA,Sula Vineyards Limited,INE142Q01026,NSE,Unclassified,Unclassified,SULA.NS,IN,NSE_MAINBOARD
SUMEETINDS,Sumeet Industries Limited,INE235C01036,NSE,Unclassified,Unclassified,SUMEETINDS.NS,IN,NSE_MAINBOARD
SUMICHEM,Sumitomo Chemical India Limited,INE258G01013,NSE,Unclassified,Unclassified,SUMICHEM.NS,IN,NSE_MAINBOARD
SUMIT,Sumit Woods Limited,INE748Z01013,NSE,Unclassified,Unclassified,SUMIT.NS,IN,NSE_MAINBOARD
SUMMITSEC,Summit Securities Limited,INE519C01017,NSE,Unclassified,Unclassified,SUMMITSEC.NS,IN,NSE_MAINBOARD
SUNCLAY,Sundaram Clayton Limited,INE0Q3R01026,NSE,Unclassified,Unclassified,SUNCLAY.NS,IN,NSE_MAINBOARD
SUNDARAM,Sundaram Multi Pap Limited,INE108E01023,NSE,Unclassified,Unclassified,SUNDARAM.NS,IN,NSE_MAINBOARD
SUNDARMFIN,Sundaram Finance Limited,INE660A01013,NSE,Unclassified,Unclassified,SUNDARMFIN.NS,IN,NSE_MAINBOARD
SUNDRMBRAK,Sundaram Brake Linings Limited,INE073D01013,NSE,Unclassified,Unclassified,SUNDRMBRAK.NS,IN,NSE_MAINBOARD
SUNDRMFAST,Sundram Fasteners Limited,INE387A01021,NSE,Unclassified,Unclassified,SUNDRMFAST.NS,IN,NSE_MAINBOARD
SUNDROP,Sundrop Brands Limited,INE209A01019,NSE,Unclassified,Unclassified,SUNDROP.NS,IN,NSE_MAINBOARD
SUNFLAG,Sunflag Iron And Steel Company Limited,INE947A01014,NSE,Unclassified,Unclassified,SUNFLAG.NS,IN,NSE_MAINBOARD
SUNPHARMA,Sun Pharmaceutical Industries Limited,INE044A01036,NSE,Healthcare,Healthcare,SUNPHARMA.NS,IN,NSE_MAINBOARD
SUNTECK,Sunteck Realty Limited,INE805D01034,NSE,Unclassified,Unclassified,SUNTECK.NS,IN,NSE_MAINBOARD
SUNTV,Sun TV Network Limited,INE424H01027,NSE,Unclassified,Unclassified,SUNTV.NS,IN,NSE_MAINBOARD
SUPERHOUSE,Superhouse Limited,INE712B01010,NSE,Unclassified,Unclassified,SUPERHOUSE.NS,IN,NSE_MAINBOARD
SUPERSPIN,Super Spinning Mills Limited,INE662A01027,NSE,Unclassified,Unclassified,SUPERSPIN.NS,IN,NSE_MAINBOARD
SUPRAJIT,Suprajit Engineering Limited,INE399C01030,NSE,Unclassified,Unclassified,SUPRAJIT.NS,IN,NSE_MAINBOARD
SUPREME,Supreme Holdings & Hospitality (India) Limited,INE822E01011,NSE,Unclassified,Unclassified,SUPREME.NS,IN,NSE_MAINBOARD
SUPREMEENG,Supreme Engineering Limited,INE319Z01021,NSE,Unclassified,Unclassified,SUPREMEENG.NS,IN,NSE_MAINBOARD
SUPREMEIND,Supreme Industries Limited,INE195A01028,NSE,Capital Goods,Capital Goods,SUPREMEIND.NS,IN,NSE_MAINBOARD
SUPREMEINF,Supreme Infrastructure India Limited,INE550H01011,NSE,Unclassified,Unclassified,SUPREMEINF.NS,IN,NSE_MAINBOARD
SUPRIYA,Supriya Lifescience Limited,INE07RO01027,NSE,Unclassified,Unclassified,SUPRIYA.NS,IN,NSE_MAINBOARD
SURAJEST,Suraj Estate Developers Limited,INE843S01025,NSE,Unclassified,Unclassified,SURAJEST.NS,IN,NSE_MAINBOARD
SURAJLTD,Suraj Limited,INE713C01016,NSE,Unclassified,Unclassified,SURAJLTD.NS,IN,NSE_MAINBOARD
SURAKSHA,Suraksha Diagnostic Limited,INE877V01027,NSE,Unclassified,Unclassified,SURAKSHA.NS,IN,NSE_MAINBOARD
SURANASOL,Surana Solar Limited,INE272L01022,NSE,Unclassified,Unclassified,SURANASOL.NS,IN,NSE_MAINBOARD
SURANAT&P,Surana Telecom and Power Limited,INE130B01031,NSE,Unclassified,Unclassified,SURANAT&P.NS,IN,NSE_MAINBOARD
SURYALA,Suryalata Spinning Mills Limited,INE132C01027,NSE,Unclassified,Unclassified,SURYALA.NS,IN,NSE_MAINBOARD
SURYALAXMI,Suryalakshmi Cotton Mills Limited,INE713B01026,NSE,Unclassified,Unclassified,SURYALAXMI.NS,IN,NSE_MAINBOARD
SURYAROSNI,Surya Roshni Limited,INE335A01020,NSE,Unclassified,Unclassified,SURYAROSNI.NS,IN,NSE_MAINBOARD
SURYODAY,Suryoday Small Finance Bank Limited,INE428Q01011,NSE,Unclassified,Unclassified,SURYODAY.NS,IN,NSE_MAINBOARD
SUTLEJTEX,Sutlej Textiles and Industries Limited,INE645H01027,NSE,Unclassified,Unclassified,SUTLEJTEX.NS,IN,NSE_MAINBOARD
SUVEN,Suven Life Sciences Limited,INE495B01038,NSE,Unclassified,Unclassified,SUVEN.NS,IN,NSE_MAINBOARD
SUVIDHAA,Suvidhaa Infoserve Limited,INE018401013,NSE,Unclassified,Unclassified,SUVIDHAA.NS,IN,NSE_MAINBOARD
SUYOG,Suyog Telematics Limited,INE442P01014,NSE,Unclassified,Unclassified,SUYOG.NS,IN,NSE_MAINBOARD
SUZLON,Suzlon Energy Limited,INE040H01021,NSE,Capital Goods,Capital Goods,SUZLON.NS,IN,NSE_MAINBOARD
SVLL,Shree Vasu Logistics Limited,INE00CE01017,NSE,Unclassified,Unclassified,SVLL.NS,IN,NSE_MAINBOARD
SVPGLOB,SVP GLOBAL TEXTILES LIMITED,INE308E01029,NSE,Unclassified,Unclassified,SVPGLOB.NS,IN,NSE_MAINBOARD
SWANCORP,SWAN CORP LIMITED,INE665A01038,NSE,Unclassified,Unclassified,SWANCORP.NS,IN,NSE_MAINBOARD
SWANDEF,Swan Defence and Heavy Industries Limited,INE542F01020,NSE,Unclassified,Unclassified,SWANDEF.NS,IN,NSE_MAINBOARD
SWARAJENG,Swaraj Engines Limited,INE277A01016,NSE,Unclassified,Unclassified,SWARAJENG.NS,IN,NSE_MAINBOARD
SWELECTES,Swelect Energy Systems Limited,INE409B01013,NSE,Unclassified,Unclassified,SWELECTES.NS,IN,NSE_MAINBOARD
SWIGGY,Swiggy Limited,INE00H001014,NSE,Consumer Services,Consumer Services,SWIGGY.NS,IN,NSE_MAINBOARD
SWSOLAR,Sterling and Wilson Renewable Energy Limited,INE00M201021,NSE,Unclassified,Unclassified,SWSOLAR.NS,IN,NSE_MAINBOARD
SYMPHONY,Symphony Limited,INE225D01027,NSE,Unclassified,Unclassified,SYMPHONY.NS,IN,NSE_MAINBOARD
SYNCOMF,Syncom Formulations (India) Limited,INE312C01025,NSE,Unclassified,Unclassified,SYNCOMF.NS,IN,NSE_MAINBOARD
SYNGENE,Syngene International Limited,INE398R01022,NSE,Unclassified,Unclassified,SYNGENE.NS,IN,NSE_MAINBOARD
SYRMA,Syrma SGS Technology Limited,INE0DYJ01015,NSE,Unclassified,Unclassified,SYRMA.NS,IN,NSE_MAINBOARD
SYSTMTXC,Systematix Corporate Services Limited,INE356B01024,NSE,Unclassified,Unclassified,SYSTMTXC.NS,IN,NSE_MAINBOARD
TAALTECH,Taal Tech Limited,INE524T01011,NSE,Unclassified,Unclassified,TAALTECH.NS,IN,NSE_MAINBOARD
TAINWALCHM,Tainwala Chemical and Plastic (I) Limited,INE123C01018,NSE,Unclassified,Unclassified,TAINWALCHM.NS,IN,NSE_MAINBOARD
TAJGVK,Taj GVK Hotels & Resorts Limited,INE586B01026,NSE,Unclassified,Unclassified,TAJGVK.NS,IN,NSE_MAINBOARD
TAKE,Take Solutions Limited,INE142I01023,NSE,Unclassified,Unclassified,TAKE.NS,IN,NSE_MAINBOARD
TALBROAUTO,Talbros Automotive Components Limited,INE187D01029,NSE,Unclassified,Unclassified,TALBROAUTO.NS,IN,NSE_MAINBOARD
TAMBOLIIN,Tamboli Industries Limited,INE864J01012,NSE,Unclassified,Unclassified,TAMBOLIIN.NS,IN,NSE_MAINBOARD
TANLA,Tanla Platforms Limited,INE483C01032,NSE,Unclassified,Unclassified,TANLA.NS,IN,NSE_MAINBOARD
TARACHAND,Tara Chand InfraLogistic Solutions Limited,INE555Z01020,NSE,Unclassified,Unclassified,TARACHAND.NS,IN,NSE_MAINBOARD
TARAPUR,Tarapur Transformers Limited,INE747K01017,NSE,Unclassified,Unclassified,TARAPUR.NS,IN,NSE_MAINBOARD
TARC,TARC Limited,INE0EK901012,NSE,Unclassified,Unclassified,TARC.NS,IN,NSE_MAINBOARD
TARIL,Transformers And Rectifiers (India) Limited,INE763I01026,NSE,Unclassified,Unclassified,TARIL.NS,IN,NSE_MAINBOARD
TARMAT,Tarmat Limited,INE924H01018,NSE,Unclassified,Unclassified,TARMAT.NS,IN,NSE_MAINBOARD
TARSONS,Tarsons Products Limited,INE144Z01023,NSE,Unclassified,Unclassified,TARSONS.NS,IN,NSE_MAINBOARD
TASTYBITE,Tasty Bite Eatables Limited,INE488B01017,NSE,Unclassified,Unclassified,TASTYBITE.NS,IN,NSE_MAINBOARD
TATACAP,Tata Capital Limited,INE976I01016,NSE,Financial Services,Financial Services,TATACAP.NS,IN,NSE_MAINBOARD
TATACHEM,Tata Chemicals Limited,INE092A01019,NSE,Unclassified,Unclassified,TATACHEM.NS,IN,NSE_MAINBOARD
TATACOMM,Tata Communications Limited,INE151A01013,NSE,Telecommunication,Telecommunication,TATACOMM.NS,IN,NSE_MAINBOARD
TATACONSUM,TATA CONSUMER PRODUCTS LIMITED,INE192A01025,NSE,Fast Moving Consumer Goods,Fast Moving Consumer Goods,TATACONSUM.NS,IN,NSE_MAINBOARD
TATAELXSI,Tata Elxsi Limited,INE670A01012,NSE,Information Technology,Information Technology,TATAELXSI.NS,IN,NSE_MAINBOARD
TATAINVEST,Tata Investment Corporation Limited,INE672A01026,NSE,Financial Services,Financial Services,TATAINVEST.NS,IN,NSE_MAINBOARD
TATAPOWER,Tata Power Company Limited,INE245A01021,NSE,Power,Power,TATAPOWER.NS,IN,NSE_MAINBOARD
TATASTEEL,Tata Steel Limited,INE081A01020,NSE,Metals & Mining,Metals & Mining,TATASTEEL.NS,IN,NSE_MAINBOARD
TATATECH,Tata Technologies Limited,INE142M01025,NSE,Unclassified,Unclassified,TATATECH.NS,IN,NSE_MAINBOARD
TATVA,Tatva Chintan Pharma Chem Limited,INE0GK401011,NSE,Unclassified,Unclassified,TATVA.NS,IN,NSE_MAINBOARD
TBOTEK,TBO Tek Limited,INE673O01025,NSE,Unclassified,Unclassified,TBOTEK.NS,IN,NSE_MAINBOARD
TBZ,Tribhovandas Bhimji Zaveri Limited,INE760L01018,NSE,Unclassified,Unclassified,TBZ.NS,IN,NSE_MAINBOARD
TCC,TCC Concept Limited,INE887D01016,NSE,Unclassified,Unclassified,TCC.NS,IN,NSE_MAINBOARD
TCI,Transport Corporation of India Limited,INE688A01022,NSE,Unclassified,Unclassified,TCI.NS,IN,NSE_MAINBOARD
TCIEXP,TCI Express Limited,INE586V01016,NSE,Unclassified,Unclassified,TCIEXP.NS,IN,NSE_MAINBOARD
TCIFINANCE,TCI Finance Limited,INE911B01018,NSE,Unclassified,Unclassified,TCIFINANCE.NS,IN,NSE_MAINBOARD
TCPLPACK,TCPL Packaging Limited,INE822C01015,NSE,Unclassified,Unclassified,TCPLPACK.NS,IN,NSE_MAINBOARD
TCS,Tata Consultancy Services Limited,INE467B01029,NSE,Information Technology,Information Technology,TCS.NS,IN,NSE_MAINBOARD
TDPOWERSYS,TD Power Systems Limited,INE419M01027,NSE,Unclassified,Unclassified,TDPOWERSYS.NS,IN,NSE_MAINBOARD
TEAMGTY,Team India Guaranty Limited,INE289C01025,NSE,Unclassified,Unclassified,TEAMGTY.NS,IN,NSE_MAINBOARD
TEAMLEASE,Teamlease Services Limited,INE985S01024,NSE,Unclassified,Unclassified,TEAMLEASE.NS,IN,NSE_MAINBOARD
TECHM,Tech Mahindra Limited,INE669C01036,NSE,Information Technology,Information Technology,TECHM.NS,IN,NSE_MAINBOARD
TECHNOE,Techno Electric & Engineering Company Limited,INE285K01026,NSE,Unclassified,Unclassified,TECHNOE.NS,IN,NSE_MAINBOARD
TECHNVISN,TechNVision Ventures Limited,INE314H01012,NSE,Unclassified,Unclassified,TECHNVISN.NS,IN,NSE_MAINBOARD
TECILCHEM,TECIL Chemicals and Hydro Power Limited,INE014B01011,NSE,Unclassified,Unclassified,TECILCHEM.NS,IN,NSE_MAINBOARD
TEGA,Tega Industries Limited,INE011K01018,NSE,Unclassified,Unclassified,TEGA.NS,IN,NSE_MAINBOARD
TEJASNET,Tejas Networks Limited,INE010J01012,NSE,Unclassified,Unclassified,TEJASNET.NS,IN,NSE_MAINBOARD
TEMBO,Tembo Global Industries Limited,INE869Y01010,NSE,Unclassified,Unclassified,TEMBO.NS,IN,NSE_MAINBOARD
TENNIND,Tenneco Clean Air India Limited,INE19RI01016,NSE,Unclassified,Unclassified,TENNIND.NS,IN,NSE_MAINBOARD
TERASOFT,Tera Software Limited,INE482B01010,NSE,Unclassified,Unclassified,TERASOFT.NS,IN,NSE_MAINBOARD
TEXINFRA,Texmaco Infrastructure & Holdings Limited,INE435C01024,NSE,Unclassified,Unclassified,TEXINFRA.NS,IN,NSE_MAINBOARD
TEXMOPIPES,Texmo Pipes and Products Limited,INE141K01013,NSE,Unclassified,Unclassified,TEXMOPIPES.NS,IN,NSE_MAINBOARD
TEXRAIL,Texmaco Rail & Engineering Limited,INE621L01012,NSE,Unclassified,Unclassified,TEXRAIL.NS,IN,NSE_MAINBOARD
TFCILTD,Tourism Finance Corporation of India Limited,INE305A01023,NSE,Unclassified,Unclassified,TFCILTD.NS,IN,NSE_MAINBOARD
TFL,Transwarranty Finance Limited,INE804H01012,NSE,Unclassified,Unclassified,TFL.NS,IN,NSE_MAINBOARD
TGBHOTELS,TGB Banquets And Hotels Limited,INE797H01018,NSE,Unclassified,Unclassified,TGBHOTELS.NS,IN,NSE_MAINBOARD
THACKER,Thacker & Company Limited,INE077P01034,NSE,Unclassified,Unclassified,THACKER.NS,IN,NSE_MAINBOARD
THAKDEV,Thakkers Developers Limited,INE403F01017,NSE,Unclassified,Unclassified,THAKDEV.NS,IN,NSE_MAINBOARD
THANGAMAYL,Thangamayil Jewellery Limited,INE085J01014,NSE,Unclassified,Unclassified,THANGAMAYL.NS,IN,NSE_MAINBOARD
THEINVEST,The Investment Trust Of India Limited,INE924D01017,NSE,Unclassified,Unclassified,THEINVEST.NS,IN,NSE_MAINBOARD
THEJO,Thejo Engineering Limited,INE121N01019,NSE,Unclassified,Unclassified,THEJO.NS,IN,NSE_MAINBOARD
THELEELA,Leela Palaces Hotels & Resorts Limited,INE0AQ201015,NSE,Unclassified,Unclassified,THELEELA.NS,IN,NSE_MAINBOARD
THEMISMED,Themis Medicare Limited,INE083B01024,NSE,Unclassified,Unclassified,THEMISMED.NS,IN,NSE_MAINBOARD
THERMAX,Thermax Limited,INE152A01029,NSE,Unclassified,Unclassified,THERMAX.NS,IN,NSE_MAINBOARD
THOMASCOOK,Thomas Cook  (India)  Limited,INE332A01027,NSE,Unclassified,Unclassified,THOMASCOOK.NS,IN,NSE_MAINBOARD
THOMASCOTT,Thomas Scott (India) Limited,INE480M01011,NSE,Unclassified,Unclassified,THOMASCOTT.NS,IN,NSE_MAINBOARD
THYROCARE,Thyrocare Technologies Limited,INE594H01019,NSE,Unclassified,Unclassified,THYROCARE.NS,IN,NSE_MAINBOARD
TI,Tilaknagar Industries Limited,INE133E01013,NSE,Unclassified,Unclassified,TI.NS,IN,NSE_MAINBOARD
TICL,Twamev Construction and Infrastructure Limited,INE388G01026,NSE,Unclassified,Unclassified,TICL.NS,IN,NSE_MAINBOARD
TIGERLOGS,Tiger Logistics (India) Limited,INE906O01029,NSE,Unclassified,Unclassified,TIGERLOGS.NS,IN,NSE_MAINBOARD
TIIL,Technocraft Industries (India) Limited,INE545H01011,NSE,Unclassified,Unclassified,TIIL.NS,IN,NSE_MAINBOARD
TIINDIA,Tube Investments of India Limited,INE974X01010,NSE,Automobile and Auto Components,Automobile and Auto Components,TIINDIA.NS,IN,NSE_MAINBOARD
TIJARIA,Tijaria Polypipes Limited,INE440L01017,NSE,Unclassified,Unclassified,TIJARIA.NS,IN,NSE_MAINBOARD
TIL,TIL Limited,INE806C01018,NSE,Unclassified,Unclassified,TIL.NS,IN,NSE_MAINBOARD
TIMETECHNO,Time Technoplast Limited,INE508G01029,NSE,Unclassified,Unclassified,TIMETECHNO.NS,IN,NSE_MAINBOARD
TIMEX,Timex Group India Limited,INE064A01026,NSE,Unclassified,Unclassified,TIMEX.NS,IN,NSE_MAINBOARD
TIMKEN,Timken India Limited,INE325A01013,NSE,Unclassified,Unclassified,TIMKEN.NS,IN,NSE_MAINBOARD
TINNARUBR,Tinna Rubber and Infrastructure Limited,INE015C01016,NSE,Unclassified,Unclassified,TINNARUBR.NS,IN,NSE_MAINBOARD
TIPSFILMS,Tips Films Limited,INE0LQS01015,NSE,Unclassified,Unclassified,TIPSFILMS.NS,IN,NSE_MAINBOARD
TIPSMUSIC,Tips Music Limited,INE716B01029,NSE,Unclassified,Unclassified,TIPSMUSIC.NS,IN,NSE_MAINBOARD
TIRUMALCHM,Thirumalai Chemicals Limited,INE338A01024,NSE,Unclassified,Unclassified,TIRUMALCHM.NS,IN,NSE_MAINBOARD
TIRUPATIFL,Tirupati Forge Limited,INE319Y01024,NSE,Unclassified,Unclassified,TIRUPATIFL.NS,IN,NSE_MAINBOARD
TITAGARH,TITAGARH RAIL SYSTEMS LIMITED,INE615H01020,NSE,Unclassified,Unclassified,TITAGARH.NS,IN,NSE_MAINBOARD
TITAN,Titan Company Limited,INE280A01028,NSE,Consumer Durables,Consumer Durables,TITAN.NS,IN,NSE_MAINBOARD
TMB,Tamilnad Mercantile Bank Limited,INE668A01016,NSE,Unclassified,Unclassified,TMB.NS,IN,NSE_MAINBOARD
TMCV,Tata Motors Limited,INE1TAE01010,NSE,Capital Goods,Capital Goods,TMCV.NS,IN,NSE_MAINBOARD
TMPV,Tata Motors Passenger Vehicles Limited,INE155A01022,NSE,Automobile and Auto Components,Automobile and Auto Components,TMPV.NS,IN,NSE_MAINBOARD
TNPETRO,Tamilnadu PetroProducts Limited,INE148A01019,NSE,Unclassified,Unclassified,TNPETRO.NS,IN,NSE_MAINBOARD
TNPL,Tamil Nadu Newsprint & Papers Limited,INE107A01015,NSE,Unclassified,Unclassified,TNPL.NS,IN,NSE_MAINBOARD
TNTELE,Tamilnadu Telecommunication Limited,INE141D01018,NSE,Unclassified,Unclassified,TNTELE.NS,IN,NSE_MAINBOARD
TOKYOPLAST,Tokyo Plast International Limited,INE932C01012,NSE,Unclassified,Unclassified,TOKYOPLAST.NS,IN,NSE_MAINBOARD
TOLINS,Tolins Tyres Limited,INE0RWQ01014,NSE,Unclassified,Unclassified,TOLINS.NS,IN,NSE_MAINBOARD
TORNTPHARM,Torrent Pharmaceuticals Limited,INE685A01028,NSE,Healthcare,Healthcare,TORNTPHARM.NS,IN,NSE_MAINBOARD
TORNTPOWER,Torrent Power Limited,INE813H01021,NSE,Unclassified,Unclassified,TORNTPOWER.NS,IN,NSE_MAINBOARD
TOTAL,Total Transport Systems Limited,INE336X01012,NSE,Unclassified,Unclassified,TOTAL.NS,IN,NSE_MAINBOARD
TOUCHWOOD,Touchwood Entertainment Limited,INE486Y01013,NSE,Unclassified,Unclassified,TOUCHWOOD.NS,IN,NSE_MAINBOARD
TPHQ,Teamo Productions HQ Limited,INE065J01024,NSE,Unclassified,Unclassified,TPHQ.NS,IN,NSE_MAINBOARD
TPLPLASTEH,TPL Plastech Limited,INE413G01022,NSE,Unclassified,Unclassified,TPLPLASTEH.NS,IN,NSE_MAINBOARD
TRACXN,Tracxn Technologies Limited,INE0HMF01019,NSE,Unclassified,Unclassified,TRACXN.NS,IN,NSE_MAINBOARD
TRANSPEK,Transpek Industry Limited,INE687A01016,NSE,Unclassified,Unclassified,TRANSPEK.NS,IN,NSE_MAINBOARD
TRANSRAILL,Transrail Lighting Limited,INE454P01035,NSE,Unclassified,Unclassified,TRANSRAILL.NS,IN,NSE_MAINBOARD
TRANSWORLD,TRANSWORLD SHIPPING LINES LIMITED,INE757B01015,NSE,Unclassified,Unclassified,TRANSWORLD.NS,IN,NSE_MAINBOARD
TRAVELFOOD,Travel Food Services Limited,INE103V01028,NSE,Unclassified,Unclassified,TRAVELFOOD.NS,IN,NSE_MAINBOARD
TREEHOUSE,Tree House Education & Accessories Limited,INE040M01013,NSE,Unclassified,Unclassified,TREEHOUSE.NS,IN,NSE_MAINBOARD
TREJHARA,TREJHARA SOLUTIONS LIMITED,INE00CA01015,NSE,Unclassified,Unclassified,TREJHARA.NS,IN,NSE_MAINBOARD
TREL,Transindia Real Estate Limited,INE0O3901029,NSE,Unclassified,Unclassified,TREL.NS,IN,NSE_MAINBOARD
TRENT,Trent Limited,INE849A01020,NSE,Consumer Services,Consumer Services,TRENT.NS,IN,NSE_MAINBOARD
TRF,TRF Limited,INE391D01019,NSE,Unclassified,Unclassified,TRF.NS,IN,NSE_MAINBOARD
TRIDENT,Trident Limited,INE064C01022,NSE,Unclassified,Unclassified,TRIDENT.NS,IN,NSE_MAINBOARD
TRIGYN,Trigyn Technologies Limited,INE948A01012,NSE,Unclassified,Unclassified,TRIGYN.NS,IN,NSE_MAINBOARD
TRITURBINE,Triveni Turbine Limited,INE152M01016,NSE,Unclassified,Unclassified,TRITURBINE.NS,IN,NSE_MAINBOARD
TRIVENI,Triveni Engineering & Industries Limited,INE256C01024,NSE,Unclassified,Unclassified,TRIVENI.NS,IN,NSE_MAINBOARD
TRU,TruCap Finance Limited,INE615R01029,NSE,Unclassified,Unclassified,TRU.NS,IN,NSE_MAINBOARD
TRUALT,TruAlt Bioenergy Limited,INE0MWH01014,NSE,Unclassified,Unclassified,TRUALT.NS,IN,NSE_MAINBOARD
TSFINV,TSF INVESTMENTS LIMITED,INE202Z01029,NSE,Unclassified,Unclassified,TSFINV.NS,IN,NSE_MAINBOARD
TTKHLTCARE,TTK Healthcare Limited,INE910C01018,NSE,Unclassified,Unclassified,TTKHLTCARE.NS,IN,NSE_MAINBOARD
TTKPRESTIG,TTK Prestige Limited,INE690A01028,NSE,Unclassified,Unclassified,TTKPRESTIG.NS,IN,NSE_MAINBOARD
TTL,T T Limited,INE592B01024,NSE,Unclassified,Unclassified,TTL.NS,IN,NSE_MAINBOARD
TTML,Tata Teleservices (Maharashtra) Limited,INE517B01013,NSE,Unclassified,Unclassified,TTML.NS,IN,NSE_MAINBOARD
TURTLEMINT,Turtlemint Fintech Solutions Limited,INE0OC301013,NSE,Unclassified,Unclassified,TURTLEMINT.NS,IN,NSE_MAINBOARD
TVSELECT,TVS Electronics Limited,INE236G01019,NSE,Unclassified,Unclassified,TVSELECT.NS,IN,NSE_MAINBOARD
TVSHLTD,TVS Holdings Limited,INE105A01035,NSE,Unclassified,Unclassified,TVSHLTD.NS,IN,NSE_MAINBOARD
TVSMOTOR,TVS Motor Company Limited,INE494B01023,NSE,Automobile and Auto Components,Automobile and Auto Components,TVSMOTOR.NS,IN,NSE_MAINBOARD
TVSSCS,TVS Supply Chain Solutions Limited,INE395N01027,NSE,Unclassified,Unclassified,TVSSCS.NS,IN,NSE_MAINBOARD
TVSSRICHAK,TVS Srichakra Limited,INE421C01016,NSE,Unclassified,Unclassified,TVSSRICHAK.NS,IN,NSE_MAINBOARD
TVTODAY,TV Today Network Limited,INE038F01029,NSE,Unclassified,Unclassified,TVTODAY.NS,IN,NSE_MAINBOARD
TVVISION,TV Vision Limited,INE871L01013,NSE,Unclassified,Unclassified,TVVISION.NS,IN,NSE_MAINBOARD
UBL,United Breweries Limited,INE686F01025,NSE,Unclassified,Unclassified,UBL.NS,IN,NSE_MAINBOARD
UCAL,UCAL LIMITED,INE139B01016,NSE,Unclassified,Unclassified,UCAL.NS,IN,NSE_MAINBOARD
UCOBANK,UCO Bank,INE691A01018,NSE,Unclassified,Unclassified,UCOBANK.NS,IN,NSE_MAINBOARD
UDS,Updater Services Limited,INE851I01011,NSE,Unclassified,Unclassified,UDS.NS,IN,NSE_MAINBOARD
UEL,Ujaas Energy Limited,INE899L01030,NSE,Unclassified,Unclassified,UEL.NS,IN,NSE_MAINBOARD
UFBL,United Foodbrands Limited,INE382M01027,NSE,Unclassified,Unclassified,UFBL.NS,IN,NSE_MAINBOARD
UFLEX,UFLEX Limited,INE516A01017,NSE,Unclassified,Unclassified,UFLEX.NS,IN,NSE_MAINBOARD
UFO,UFO Moviez India Limited,INE527H01019,NSE,Unclassified,Unclassified,UFO.NS,IN,NSE_MAINBOARD
UGARSUGAR,The Ugar Sugar Works Limited,INE071E01023,NSE,Unclassified,Unclassified,UGARSUGAR.NS,IN,NSE_MAINBOARD
UGROCAP,Ugro Capital Limited,INE583D01011,NSE,Unclassified,Unclassified,UGROCAP.NS,IN,NSE_MAINBOARD
UJJIVANSFB,Ujjivan Small Finance Bank Limited,INE551W01018,NSE,Unclassified,Unclassified,UJJIVANSFB.NS,IN,NSE_MAINBOARD
ULTRACEMCO,UltraTech Cement Limited,INE481G01011,NSE,Construction Materials,Construction Materials,ULTRACEMCO.NS,IN,NSE_MAINBOARD
ULTRAMAR,Ultramarine & Pigments Limited,INE405A01021,NSE,Unclassified,Unclassified,ULTRAMAR.NS,IN,NSE_MAINBOARD
UMAEXPORTS,Uma Exports Limited,INE0GIU01018,NSE,Unclassified,Unclassified,UMAEXPORTS.NS,IN,NSE_MAINBOARD
UMESLTD,Usha Martin Education & Solutions Limited,INE240C01028,NSE,Unclassified,Unclassified,UMESLTD.NS,IN,NSE_MAINBOARD
UMIYA-MRO,UMIYA BUILDCON LIMITED,INE398B01018,NSE,Unclassified,Unclassified,UMIYA-MRO.NS,IN,NSE_MAINBOARD
UNICHEMLAB,Unichem Laboratories Limited,INE351A01035,NSE,Unclassified,Unclassified,UNICHEMLAB.NS,IN,NSE_MAINBOARD
UNIDT,United Drilling Tools Limited,INE961D01019,NSE,Unclassified,Unclassified,UNIDT.NS,IN,NSE_MAINBOARD
UNIECOM,Unicommerce Esolutions Limited,INE00U401027,NSE,Unclassified,Unclassified,UNIECOM.NS,IN,NSE_MAINBOARD
UNIENTER,Uniphos Enterprises Limited,INE037A01022,NSE,Unclassified,Unclassified,UNIENTER.NS,IN,NSE_MAINBOARD
UNIINFO,Uniinfo Telecom Services Limited,INE481Z01011,NSE,Unclassified,Unclassified,UNIINFO.NS,IN,NSE_MAINBOARD
UNIMECH,Unimech Aerospace and Manufacturing Limited,INE0U3I01011,NSE,Unclassified,Unclassified,UNIMECH.NS,IN,NSE_MAINBOARD
UNIONBANK,Union Bank of India,INE692A01016,NSE,Financial Services,Financial Services,UNIONBANK.NS,IN,NSE_MAINBOARD
UNIPARTS,Uniparts India Limited,INE244O01017,NSE,Unclassified,Unclassified,UNIPARTS.NS,IN,NSE_MAINBOARD
UNITDSPR,United Spirits Limited,INE854D01024,NSE,Fast Moving Consumer Goods,Fast Moving Consumer Goods,UNITDSPR.NS,IN,NSE_MAINBOARD
UNITECH,Unitech Limited,INE694A01020,NSE,Unclassified,Unclassified,UNITECH.NS,IN,NSE_MAINBOARD
UNITEDPOLY,United Polyfab Gujarat Limited,INE368U01029,NSE,Unclassified,Unclassified,UNITEDPOLY.NS,IN,NSE_MAINBOARD
UNITEDTEA,The United Nilgiri Tea Estates Company Limited,INE458F01011,NSE,Unclassified,Unclassified,UNITEDTEA.NS,IN,NSE_MAINBOARD
UNIVASTU,Univastu India Limited,INE562X01013,NSE,Unclassified,Unclassified,UNIVASTU.NS,IN,NSE_MAINBOARD
UNIVCABLES,Universal Cables Limited,INE279A01012,NSE,Unclassified,Unclassified,UNIVCABLES.NS,IN,NSE_MAINBOARD
UNIVPHOTO,Universus Photo Imagings Limited,INE03V001013,NSE,Unclassified,Unclassified,UNIVPHOTO.NS,IN,NSE_MAINBOARD
UNOMINDA,UNO Minda Limited,INE405E01023,NSE,Unclassified,Unclassified,UNOMINDA.NS,IN,NSE_MAINBOARD
UPL,UPL Limited,INE628A01036,NSE,Chemicals,Chemicals,UPL.NS,IN,NSE_MAINBOARD
URAVIDEF,Uravi Defence and Technology Limited,INE568Z01015,NSE,Unclassified,Unclassified,URAVIDEF.NS,IN,NSE_MAINBOARD
URBANCO,Urban Company Limited,INE0CAZ01013,NSE,Unclassified,Unclassified,URBANCO.NS,IN,NSE_MAINBOARD
URJA,Urja Global Limited,INE550C01020,NSE,Unclassified,Unclassified,URJA.NS,IN,NSE_MAINBOARD
USHAMART,Usha Martin Limited,INE228A01035,NSE,Unclassified,Unclassified,USHAMART.NS,IN,NSE_MAINBOARD
USK,Udayshivakumar Infra Limited,INE0N0Y01013,NSE,Unclassified,Unclassified,USK.NS,IN,NSE_MAINBOARD
UTIAMC,UTI Asset Management Company Limited,INE094J01016,NSE,Unclassified,Unclassified,UTIAMC.NS,IN,NSE_MAINBOARD
UTKARSHBNK,Utkarsh Small Finance Bank Limited,INE735W01017,NSE,Unclassified,Unclassified,UTKARSHBNK.NS,IN,NSE_MAINBOARD
UTLSOLAR,Fujiyama Power Systems Limited,INE12UR01024,NSE,Unclassified,Unclassified,UTLSOLAR.NS,IN,NSE_MAINBOARD
UTTAMSUGAR,Uttam Sugar Mills Limited,INE786F01031,NSE,Unclassified,Unclassified,UTTAMSUGAR.NS,IN,NSE_MAINBOARD
UYFINCORP,U. Y. Fincorp Limited,INE152C01025,NSE,Unclassified,Unclassified,UYFINCORP.NS,IN,NSE_MAINBOARD
V2RETAIL,V2 Retail Limited,INE945H01021,NSE,Unclassified,Unclassified,V2RETAIL.NS,IN,NSE_MAINBOARD
VADILALIND,Vadilal Industries Limited,INE694D01016,NSE,Unclassified,Unclassified,VADILALIND.NS,IN,NSE_MAINBOARD
VAIBHAVGBL,Vaibhav Global Limited,INE884A01027,NSE,Unclassified,Unclassified,VAIBHAVGBL.NS,IN,NSE_MAINBOARD
VAISHALI,Vaishali Pharma Limited,INE972X01022,NSE,Unclassified,Unclassified,VAISHALI.NS,IN,NSE_MAINBOARD
VAKRANGEE,Vakrangee Limited,INE051B01021,NSE,Unclassified,Unclassified,VAKRANGEE.NS,IN,NSE_MAINBOARD
VALIANTLAB,Valiant Laboratories Limited,INE0JWS01017,NSE,Unclassified,Unclassified,VALIANTLAB.NS,IN,NSE_MAINBOARD
VALIANTORG,Valiant Organics Limited,INE565V01010,NSE,Unclassified,Unclassified,VALIANTORG.NS,IN,NSE_MAINBOARD
VAML,Vedanta Aluminium Metal Limited,INE1CDF01017,NSE,Unclassified,Unclassified,VAML.NS,IN,NSE_MAINBOARD
VARDHACRLC,Vardhman Acrylics Limited,INE116G01013,NSE,Unclassified,Unclassified,VARDHACRLC.NS,IN,NSE_MAINBOARD
VARDMNPOLY,Vardhman Polytex Limited,INE835A01029,NSE,Unclassified,Unclassified,VARDMNPOLY.NS,IN,NSE_MAINBOARD
VARROC,Varroc Engineering Limited,INE665L01035,NSE,Unclassified,Unclassified,VARROC.NS,IN,NSE_MAINBOARD
VASCONEQ,Vascon Engineers Limited,INE893I01013,NSE,Unclassified,Unclassified,VASCONEQ.NS,IN,NSE_MAINBOARD
VASWANI,Vaswani Industries Limited,INE590L01019,NSE,Unclassified,Unclassified,VASWANI.NS,IN,NSE_MAINBOARD
VBL,Varun Beverages Limited,INE200M01039,NSE,Fast Moving Consumer Goods,Fast Moving Consumer Goods,VBL.NS,IN,NSE_MAINBOARD
VCL,Vaxtex Cotfab Limited,INE098201036,NSE,Unclassified,Unclassified,VCL.NS,IN,NSE_MAINBOARD
VEDL,Vedanta Limited,INE205A01025,NSE,Metals & Mining,Metals & Mining,VEDL.NS,IN,NSE_MAINBOARD
VEDPOWER,Vedanta Power Limited,INE694L01019,NSE,Unclassified,Unclassified,VEDPOWER.NS,IN,NSE_MAINBOARD
VEEDOL,Veedol Corporation Limited,INE484C01030,NSE,Unclassified,Unclassified,VEEDOL.NS,IN,NSE_MAINBOARD
VELJAN,Veljan Denison Limited,INE232E01013,NSE,Unclassified,Unclassified,VELJAN.NS,IN,NSE_MAINBOARD
VENKEYS,Venky's (India) Limited,INE398A01010,NSE,Unclassified,Unclassified,VENKEYS.NS,IN,NSE_MAINBOARD
VENTIVE,Ventive Hospitality Limited,INE781S01027,NSE,Unclassified,Unclassified,VENTIVE.NS,IN,NSE_MAINBOARD
VENUSPIPES,Venus Pipes & Tubes Limited,INE0JA001018,NSE,Unclassified,Unclassified,VENUSPIPES.NS,IN,NSE_MAINBOARD
VENUSREM,Venus Remedies Limited,INE411B01019,NSE,Unclassified,Unclassified,VENUSREM.NS,IN,NSE_MAINBOARD
VERANDA,Veranda Learning Solutions Limited,INE0IQ001011,NSE,Unclassified,Unclassified,VERANDA.NS,IN,NSE_MAINBOARD
VERTOZ,Vertoz Limited,INE188Y01031,NSE,Unclassified,Unclassified,VERTOZ.NS,IN,NSE_MAINBOARD
VESUVIUS,Vesuvius India Limited,INE386A01023,NSE,Unclassified,Unclassified,VESUVIUS.NS,IN,NSE_MAINBOARD
VETO,Veto Switchgears And Cables Limited,INE918N01018,NSE,Unclassified,Unclassified,VETO.NS,IN,NSE_MAINBOARD
VGL,VARVEE GLOBAL LIMITED,INE273D01027,NSE,Unclassified,Unclassified,VGL.NS,IN,NSE_MAINBOARD
VGUARD,V-Guard Industries Limited,INE951I01027,NSE,Unclassified,Unclassified,VGUARD.NS,IN,NSE_MAINBOARD
VHL,Vardhman Holdings Limited,INE701A01023,NSE,Unclassified,Unclassified,VHL.NS,IN,NSE_MAINBOARD
VHLTD,Viceroy Hotels Limited,INE048C01025,NSE,Unclassified,Unclassified,VHLTD.NS,IN,NSE_MAINBOARD
VIDHIING,Vidhi Specialty Food Ingredients Limited,INE632C01026,NSE,Unclassified,Unclassified,VIDHIING.NS,IN,NSE_MAINBOARD
VIDYAWIRES,Vidya Wires Limited,INE14UN01029,NSE,Unclassified,Unclassified,VIDYAWIRES.NS,IN,NSE_MAINBOARD
VIJAYA,Vijaya Diagnostic Centre Limited,INE043W01024,NSE,Unclassified,Unclassified,VIJAYA.NS,IN,NSE_MAINBOARD
VIJIFIN,Viji Finance Limited,INE159N01027,NSE,Unclassified,Unclassified,VIJIFIN.NS,IN,NSE_MAINBOARD
VIKASECO,Vikas EcoTech Limited,INE806A01020,NSE,Unclassified,Unclassified,VIKASECO.NS,IN,NSE_MAINBOARD
VIKASLIFE,Vikas Lifecare Limited,INE161L01027,NSE,Unclassified,Unclassified,VIKASLIFE.NS,IN,NSE_MAINBOARD
VIKRAMSOLR,Vikram Solar Limited,INE078V01014,NSE,Unclassified,Unclassified,VIKRAMSOLR.NS,IN,NSE_MAINBOARD
VIKRAN,Vikran Engineering Limited,INE01R501028,NSE,Unclassified,Unclassified,VIKRAN.NS,IN,NSE_MAINBOARD
VIMTALABS,Vimta Labs Limited,INE579C01029,NSE,Unclassified,Unclassified,VIMTALABS.NS,IN,NSE_MAINBOARD
VINATIORGA,Vinati Organics Limited,INE410B01037,NSE,Unclassified,Unclassified,VINATIORGA.NS,IN,NSE_MAINBOARD
VINCOFE,Vintage Coffee And Beverages Limited,INE498Q01014,NSE,Unclassified,Unclassified,VINCOFE.NS,IN,NSE_MAINBOARD
VINDHYATEL,Vindhya Telelinks Limited,INE707A01012,NSE,Unclassified,Unclassified,VINDHYATEL.NS,IN,NSE_MAINBOARD
VINEETLAB,Vineet Laboratories Limited,INE505Y01010,NSE,Unclassified,Unclassified,VINEETLAB.NS,IN,NSE_MAINBOARD
VINNY,Vinny Overseas Limited,INE01KI01027,NSE,Unclassified,Unclassified,VINNY.NS,IN,NSE_MAINBOARD
VINYLINDIA,Vinyl Chemicals (India) Limited,INE250B01029,NSE,Unclassified,Unclassified,VINYLINDIA.NS,IN,NSE_MAINBOARD
VIPCLOTHNG,VIP Clothing Limited,INE450G01024,NSE,Unclassified,Unclassified,VIPCLOTHNG.NS,IN,NSE_MAINBOARD
VIPIND,VIP Industries Limited,INE054A01027,NSE,Unclassified,Unclassified,VIPIND.NS,IN,NSE_MAINBOARD
VIPULLTD,Vipul Limited,INE946H01037,NSE,Unclassified,Unclassified,VIPULLTD.NS,IN,NSE_MAINBOARD
VIRINCHI,Virinchi Limited,INE539B01017,NSE,Unclassified,Unclassified,VIRINCHI.NS,IN,NSE_MAINBOARD
VISACHROME,VISA Chrome Limited,INE286H01012,NSE,Unclassified,Unclassified,VISACHROME.NS,IN,NSE_MAINBOARD
VISAKAIND,Visaka Industries Limited,INE392A01021,NSE,Unclassified,Unclassified,VISAKAIND.NS,IN,NSE_MAINBOARD
VISHNU,Vishnu Chemicals Limited,INE270I01022,NSE,Unclassified,Unclassified,VISHNU.NS,IN,NSE_MAINBOARD
VISHWARAJ,Vishwaraj Sugar Industries Limited,INE430N01022,NSE,Unclassified,Unclassified,VISHWARAJ.NS,IN,NSE_MAINBOARD
VISL,Vedanta Iron and Steel Limited,INE1CLE01013,NSE,Unclassified,Unclassified,VISL.NS,IN,NSE_MAINBOARD
VITAL,Vital Chemtech Limited,INE0L4K01016,NSE,Unclassified,Unclassified,VITAL.NS,IN,NSE_MAINBOARD
VIVIANA,Viviana Power Tech Limited,INE0MEG01014,NSE,Unclassified,Unclassified,VIVIANA.NS,IN,NSE_MAINBOARD
VIVIDHA,Visagar Polytex Limited,INE370E01029,NSE,Unclassified,Unclassified,VIVIDHA.NS,IN,NSE_MAINBOARD
VIVIMEDLAB,Vivimed Labs Limited,INE526G01021,NSE,Unclassified,Unclassified,VIVIMEDLAB.NS,IN,NSE_MAINBOARD
VIYASH,Viyash Scientific Limited,INE807F01027,NSE,Unclassified,Unclassified,VIYASH.NS,IN,NSE_MAINBOARD
VLEGOV,VL E-Governance & IT Solutions Limited,INE03HW01020,NSE,Unclassified,Unclassified,VLEGOV.NS,IN,NSE_MAINBOARD
VLSFINANCE,VLS Finance Limited,INE709A01018,NSE,Unclassified,Unclassified,VLSFINANCE.NS,IN,NSE_MAINBOARD
VMART,V-Mart Retail Limited,INE665J01013,NSE,Unclassified,Unclassified,VMART.NS,IN,NSE_MAINBOARD
VMM,Vishal Mega Mart Limited,INE01EA01019,NSE,Consumer Services,Consumer Services,VMM.NS,IN,NSE_MAINBOARD
VMSTMT,VMS TMT Limited,INE0SJA01013,NSE,Unclassified,Unclassified,VMSTMT.NS,IN,NSE_MAINBOARD
VOEPL,Virtuoso Optoelectronics Limited,INE0I0T01010,NSE,Unclassified,Unclassified,VOEPL.NS,IN,NSE_MAINBOARD
VOGL,Vedanta Oil and Gas Limited,INE704J01044,NSE,Unclassified,Unclassified,VOGL.NS,IN,NSE_MAINBOARD
VOLTAMP,Voltamp Transformers Limited,INE540H01012,NSE,Unclassified,Unclassified,VOLTAMP.NS,IN,NSE_MAINBOARD
VOLTAS,Voltas Limited,INE226A01021,NSE,Consumer Durables,Consumer Durables,VOLTAS.NS,IN,NSE_MAINBOARD
VPRPL,Vishnu Prakash R Punglia Limited,INE0AE001013,NSE,Unclassified,Unclassified,VPRPL.NS,IN,NSE_MAINBOARD
VRAJ,Vraj Iron and Steel Limited,INE0S2V01010,NSE,Unclassified,Unclassified,VRAJ.NS,IN,NSE_MAINBOARD
VRLLOG,VRL Logistics Limited,INE366I01010,NSE,Unclassified,Unclassified,VRLLOG.NS,IN,NSE_MAINBOARD
VSSL,Vardhman Special Steels Limited,INE050M01012,NSE,Unclassified,Unclassified,VSSL.NS,IN,NSE_MAINBOARD
VSTIND,VST Industries Limited,INE710A01016,NSE,Unclassified,Unclassified,VSTIND.NS,IN,NSE_MAINBOARD
VSTL,Vibhor Steel Tubes Limited,INE0QTF01015,NSE,Unclassified,Unclassified,VSTL.NS,IN,NSE_MAINBOARD
VSTTILLERS,V.S.T Tillers Tractors Limited,INE764D01017,NSE,Unclassified,Unclassified,VSTTILLERS.NS,IN,NSE_MAINBOARD
VTL,Vardhman Textiles Limited,INE825A01020,NSE,Unclassified,Unclassified,VTL.NS,IN,NSE_MAINBOARD
WAAREEENER,Waaree Energies Limited,INE377N01017,NSE,Capital Goods,Capital Goods,WAAREEENER.NS,IN,NSE_MAINBOARD
WAAREEINDO,Indosolar Limited,INE866K01023,NSE,Unclassified,Unclassified,WAAREEINDO.NS,IN,NSE_MAINBOARD
WAAREERTL,Waaree Renewable Technologies Limited,INE299N01021,NSE,Unclassified,Unclassified,WAAREERTL.NS,IN,NSE_MAINBOARD
WABAG,VA Tech Wabag Limited,INE956G01038,NSE,Unclassified,Unclassified,WABAG.NS,IN,NSE_MAINBOARD
WAKEFIT,Wakefit Innovations Limited,INE0E7301029,NSE,Unclassified,Unclassified,WAKEFIT.NS,IN,NSE_MAINBOARD
WALCHANNAG,Walchandnagar Industries Limited,INE711A01022,NSE,Unclassified,Unclassified,WALCHANNAG.NS,IN,NSE_MAINBOARD
WANBURY,Wanbury Limited,INE107F01022,NSE,Unclassified,Unclassified,WANBURY.NS,IN,NSE_MAINBOARD
WCIL,Western Carriers (India) Limited,INE0CJF01024,NSE,Unclassified,Unclassified,WCIL.NS,IN,NSE_MAINBOARD
WEALTH,Wealth First Portfolio Managers Limited,INE658T01017,NSE,Unclassified,Unclassified,WEALTH.NS,IN,NSE_MAINBOARD
WEBELSOLAR,Websol Energy System Limited,INE855C01023,NSE,Unclassified,Unclassified,WEBELSOLAR.NS,IN,NSE_MAINBOARD
WEIZMANIND,Weizmann Limited,INE080A01014,NSE,Unclassified,Unclassified,WEIZMANIND.NS,IN,NSE_MAINBOARD
WEL,Wonder Electricals Limited,INE02WG01024,NSE,Unclassified,Unclassified,WEL.NS,IN,NSE_MAINBOARD
WELCORP,Welspun Corp Limited,INE191B01025,NSE,Unclassified,Unclassified,WELCORP.NS,IN,NSE_MAINBOARD
WELENT,Welspun Enterprises Limited,INE625G01013,NSE,Unclassified,Unclassified,WELENT.NS,IN,NSE_MAINBOARD
WELINV,Welspun Investments and Commercials Limited,INE389K01018,NSE,Unclassified,Unclassified,WELINV.NS,IN,NSE_MAINBOARD
WELSPLSOL,Welspun Specialty Solutions Limited,INE731F01037,NSE,Unclassified,Unclassified,WELSPLSOL.NS,IN,NSE_MAINBOARD
WELSPUNLIV,Welspun Living Limited,INE192B01031,NSE,Unclassified,Unclassified,WELSPUNLIV.NS,IN,NSE_MAINBOARD
WENDT,Wendt (India) Limited,INE274C01019,NSE,Unclassified,Unclassified,WENDT.NS,IN,NSE_MAINBOARD
WESTLIFE,WESTLIFE FOODWORLD LIMITED,INE274F01020,NSE,Unclassified,Unclassified,WESTLIFE.NS,IN,NSE_MAINBOARD
WEWIN,WE WIN LIMITED,INE082W01014,NSE,Unclassified,Unclassified,WEWIN.NS,IN,NSE_MAINBOARD
WEWORK,WeWork India Management Limited,INE085001019,NSE,Unclassified,Unclassified,WEWORK.NS,IN,NSE_MAINBOARD
WHEELS,Wheels India Limited,INE715A01015,NSE,Unclassified,Unclassified,WHEELS.NS,IN,NSE_MAINBOARD
WHIRLPOOL,Whirlpool of India Limited,INE716A01013,NSE,Unclassified,Unclassified,WHIRLPOOL.NS,IN,NSE_MAINBOARD
WILLAMAGOR,Williamson Magor & Company Limited,INE210A01017,NSE,Unclassified,Unclassified,WILLAMAGOR.NS,IN,NSE_MAINBOARD
WINDLAS,Windlas Biotech Limited,INE0H5O01029,NSE,Unclassified,Unclassified,WINDLAS.NS,IN,NSE_MAINBOARD
WINDMACHIN,Windsor Machines Limited,INE052A01021,NSE,Unclassified,Unclassified,WINDMACHIN.NS,IN,NSE_MAINBOARD
WINSOME,Winsome Yarns Limited,INE784B01035,NSE,Unclassified,Unclassified,WINSOME.NS,IN,NSE_MAINBOARD
WIPL,The Western India Plywoods Limited,INE215F01023,NSE,Unclassified,Unclassified,WIPL.NS,IN,NSE_MAINBOARD
WIPRO,Wipro Limited,INE075A01022,NSE,Information Technology,Information Technology,WIPRO.NS,IN,NSE_MAINBOARD
WOCKPHARMA,Wockhardt Limited,INE049B01025,NSE,Unclassified,Unclassified,WOCKPHARMA.NS,IN,NSE_MAINBOARD
WONDERLA,Wonderla Holidays Limited,INE066O01014,NSE,Unclassified,Unclassified,WONDERLA.NS,IN,NSE_MAINBOARD
WORTHPERI,Worth Peripherals Limited,INE196Y01018,NSE,Unclassified,Unclassified,WORTHPERI.NS,IN,NSE_MAINBOARD
WPIL,WPIL Limited,INE765D01022,NSE,Unclassified,Unclassified,WPIL.NS,IN,NSE_MAINBOARD
WSI,W S Industries (I) Limited,INE100D01014,NSE,Unclassified,Unclassified,WSI.NS,IN,NSE_MAINBOARD
WSTCSTPAPR,West Coast Paper Mills Limited,INE976A01021,NSE,Unclassified,Unclassified,WSTCSTPAPR.NS,IN,NSE_MAINBOARD
XCHANGING,Xchanging Solutions Limited,INE692G01013,NSE,Unclassified,Unclassified,XCHANGING.NS,IN,NSE_MAINBOARD
XELPMOC,Xelpmoc Design And Tech Limited,INE01P501012,NSE,Unclassified,Unclassified,XELPMOC.NS,IN,NSE_MAINBOARD
XPROINDIA,Xpro India Limited,INE445C01015,NSE,Unclassified,Unclassified,XPROINDIA.NS,IN,NSE_MAINBOARD
XTGLOBAL,Xtglobal Infotech Limited,INE547B01028,NSE,Unclassified,Unclassified,XTGLOBAL.NS,IN,NSE_MAINBOARD
YASHO,Yasho Industries Limited,INE616Z01012,NSE,Unclassified,Unclassified,YASHO.NS,IN,NSE_MAINBOARD
YATHARTH,Yatharth Hospital & Trauma Care Services Limited,INE0JO301016,NSE,Unclassified,Unclassified,YATHARTH.NS,IN,NSE_MAINBOARD
YATRA,Yatra Online Limited,INE0JR601024,NSE,Unclassified,Unclassified,YATRA.NS,IN,NSE_MAINBOARD
YESBANK,Yes Bank Limited,INE528G01035,NSE,Financial Services,Financial Services,YESBANK.NS,IN,NSE_MAINBOARD
YUKEN,Yuken India Limited,INE384C01016,NSE,Unclassified,Unclassified,YUKEN.NS,IN,NSE_MAINBOARD
ZAGGLE,Zaggle Prepaid Ocean Services Limited,INE07K301024,NSE,Unclassified,Unclassified,ZAGGLE.NS,IN,NSE_MAINBOARD
ZEEL,Zee Entertainment Enterprises Limited,INE256A01028,NSE,Unclassified,Unclassified,ZEEL.NS,IN,NSE_MAINBOARD
ZEELEARN,Zee Learn Limited,INE565L01011,NSE,Unclassified,Unclassified,ZEELEARN.NS,IN,NSE_MAINBOARD
ZEEMEDIA,Zee Media Corporation Limited,INE966H01019,NSE,Unclassified,Unclassified,ZEEMEDIA.NS,IN,NSE_MAINBOARD
ZENITHEXPO,Zenith Exports Limited,INE058B01018,NSE,Unclassified,Unclassified,ZENITHEXPO.NS,IN,NSE_MAINBOARD
ZENITHSTL,Zenith Steel Pipes & Industries Limited,INE318D01020,NSE,Unclassified,Unclassified,ZENITHSTL.NS,IN,NSE_MAINBOARD
ZENSARTECH,Zensar Technologies Limited,INE520A01027,NSE,Unclassified,Unclassified,ZENSARTECH.NS,IN,NSE_MAINBOARD
ZENTEC,Zen Technologies Limited,INE251B01027,NSE,Unclassified,Unclassified,ZENTEC.NS,IN,NSE_MAINBOARD
ZFCVINDIA,ZF Commercial Vehicle Control Systems India Limited,INE342J01019,NSE,Unclassified,Unclassified,ZFCVINDIA.NS,IN,NSE_MAINBOARD
ZFSTEERING,ZF Steering Gear (India) Limited,INE116C01012,NSE,Unclassified,Unclassified,ZFSTEERING.NS,IN,NSE_MAINBOARD
ZIMLAB,Zim Laboratories Limited,INE518E01015,NSE,Unclassified,Unclassified,ZIMLAB.NS,IN,NSE_MAINBOARD
ZODIAC,Zodiac Energy Limited,INE761Y01019,NSE,Unclassified,Unclassified,ZODIAC.NS,IN,NSE_MAINBOARD
ZODIACLOTH,Zodiac Clothing Company Limited,INE206B01013,NSE,Unclassified,Unclassified,ZODIACLOTH.NS,IN,NSE_MAINBOARD
ZOTA,Zota Health Care LImited,INE358U01012,NSE,Unclassified,Unclassified,ZOTA.NS,IN,NSE_MAINBOARD
ZSARACOM,Saraswati Commercial India Limited,INE967G01019,NSE,Unclassified,Unclassified,ZSARACOM.NS,IN,NSE_MAINBOARD
ZUARI,Zuari Agro Chemicals Limited,INE840M01016,NSE,Unclassified,Unclassified,ZUARI.NS,IN,NSE_MAINBOARD
ZUARIIND,ZUARI INDUSTRIES LIMITED,INE217A01012,NSE,Unclassified,Unclassified,ZUARIIND.NS,IN,NSE_MAINBOARD
ZYDUSLIFE,Zydus Lifesciences Limited,INE010B01027,NSE,Healthcare,Healthcare,ZYDUSLIFE.NS,IN,NSE_MAINBOARD
ZYDUSWELL,Zydus Wellness Limited,INE768C01028,NSE,Unclassified,Unclassified,ZYDUSWELL.NS,IN,NSE_MAINBOARD
